"from","to","n"
"Abella Mendoza, Temístocles","Revista Literaria. Publicación Mensual",8
"Abella-Nouvrac, L.","Alpha",1
"Acevedo Bernal, Ricardo","El Montañés",1
"Acevedo Bernal, Ricardo","El Repertorio. Revista Mensual Ilustrada",2
"Acevedo, Graciliano","La Gruta",1
"Acosta de Samper, Soledad","Revista Literaria. Publicación Mensual",3
"Acosta, Javier","La Gruta",9
"Acosta, Javier","Revista Contemporánea",4
"Acosta, Javier","Trofeos",3
"Alarcón, Pedro Antonio de","Revista Literaria. Publicación Mensual",3
"Alba, E.","Lectura Amena",1
"Alcalá Galiano, José","Revista Literaria. Publicación Mensual",1
"Alcántara Jurado, Fracisco","Revista Literaria. Publicación Mensual",1
"Allais, Alphonse","El Repertorio. Revista Mensual Ilustrada",1
"Allais, Alphonse","Lectura Amena",1
"Altamira, Rafael","Lectura y Arte",1
"Altamira, Rafael","Revista Literaria. Publicación Mensual",1
"Altenberg, Peter","Alpha",2
"Altenberg, Peter","Panida",2
"Altenberg, Peter","Revista Contemporánea",1
"Alzate Noreña, Luis","Cultura",5
"Andrade Marín, Francisco","Revista Literaria. Publicación Mensual",2
"Antommarchi de Rojas, Dorila","Revista Literaria. Publicación Mensual",2
"Aparicio, Alberto","Cultura",6
"Arango M., Gabriel","Alpha",1
"Arango Mejía, Gabriel ","La Bohemia Alegre",1
"Arango, Jorge Luis","Lectura y Arte",1
"Arango, Juan B.","Lectura Amena",1
"Arango, Juan B.","Lectura y Arte",1
"Arboleda, Arturo","La Gruta",1
"Arbós y Góngora","Alpha",1
"Arce, Julio César","La Gruta",1
"Arce, Julio César","Revista Contemporánea",3
"Arce, Julio César","Trofeos",1
"Arciniegas, Ismael Enrique","Lectura Amena",1
"Arciniegas, Ismael Enrique","Revista Literaria. Publicación Mensual",6
"Arenal, Concepción","El Repertorio. Revista Mensual Ilustrada",1
"Arenal, Concepción","Revista Literaria. Publicación Mensual",1
"Arguedas Díaz, Alcides","Cultura",1
"Arias Argáez, Daniel","Revista Moderna. (Enciclopedia colombiana)",1
"Arriola de Bezoita, Jesús","Lectura y Arte",1
"Asbjørnsen, Peter Christen","Cultura",1
"Bacon, Francis","El Repertorio. Revista Mensual Ilustrada",1
"Bahr, Hermann","Alpha",1
"Balaguer i Cirera, Víctor","Revista Literaria. Publicación Mensual",1
"Balart, Federico","El Repertorio. Revista Mensual Ilustrada",1
"Balart, Federico","Revista Literaria. Publicación Mensual",3
"Barbier, Auguste","Alpha",1
"Barreto, José María","Revista Moderna. (Enciclopedia colombiana)",1
"Barriga Paez, J.","Trofeos",1
"Barrès, Maurice","Alpha",2
"Barrès, Maurice","Trofeos",2
"Bartrina, Joaquín María","El Repertorio. Revista Mensual Ilustrada",1
"Barzini, Luigi","Alpha",1
"Barón, Felipe","Revista Moderna. (Enciclopedia colombiana)",2
"Bayona Posada, Jorge","Alpha",1
"Bayona Posada, Jorge","La Gruta",1
"Bayona Posada, Jorge","Panida",1
"Beaunier, André","Trofeos",1
"Becerra, Ricardo","Revista Moderna. (Enciclopedia colombiana)",1
"Bedout, C. de","Lectura Amena",1
"Bel, León","La Bohemia Alegre",3
"Bellaigue, Camile","Revista Moderna. (Enciclopedia colombiana)",1
"Bello, Andrés","Trofeos",1
"Benavente, Jacinto","Alpha",1
"Benavente, Jacinto","Panida",2
"Bengoechea, Alfredo de ","Revista Contemporánea",1
"Bernal, Luis","Lectura Amena",1
"Berrío París, Julio","El Repertorio. Revista Mensual Ilustrada",1
"Berthoud, Eugène","Revista Literaria. Publicación Mensual",1
"Betancourt Villegas, Félix","Alpha",4
"Betancourt Villegas, Félix","Cultura",1
"Betancourt Villegas, Félix","Lectura y Arte",1
"Betancourt, Pedro Pablo","Cultura",1
"Beyle, Henri","El Montañés",1
"Biart, Lucien","Revista Literaria. Publicación Mensual",1
"Bilac, Olavo","Revista Moderna. (Enciclopedia colombiana)",1
"Bissière, Roger","Revista Moderna. (Enciclopedia colombiana)",1
"Blaine, James G.","Revista Literaria. Publicación Mensual",1
"Blanc, Charles","El Repertorio. Revista Mensual Ilustrada",1
"Blanco Asenjo, Ricardo","Lectura Amena",1
"Blanco Fombona, Rufino","Lectura Amena",2
"Blanco Fombona, Rufino","Revista Moderna. (Enciclopedia colombiana)",3
"Blanco Fombona, Rufino","Trofeos",5
"Blanco y Sánchez, Rufino","Revista Literaria. Publicación Mensual",3
"Blanco, Héctor","Lectura Amena",1
"Blasco Ibáñez, Vicente","Alpha",1
"Blasco Ibáñez, Vicente","Lectura y Arte",1
"Bobadilla, Emilio","Lectura Amena",1
"Bocquet, León","Trofeos",1
"Bohemia, Juan de","La Gruta",1
"Boixet i Castells, Ezequiel","Revista Literaria. Publicación Mensual",1
"Bolívar, Simón","El Montañés",1
"Bolívar, Simón","Revista Moderna. (Enciclopedia colombiana)",1
"Bonilla, Manuel Antonio","Alpha",2
"Bonis, J. M.","Lectura Amena",1
"Bonnard, Abel","Revista Moderna. (Enciclopedia colombiana)",1
"Borda, Francisco de Paula","Revista Contemporánea",1
"Borda, José Joaquín","Revista Literaria. Publicación Mensual",2
"Botero Guerra, Camilo","Alpha",1
"Botero Guerra, Camilo","El Montañés",1
"Botero Guerra, Camilo","El Repertorio. Revista Mensual Ilustrada",2
"Botero Guerra, Camilo","Lectura Amena",2
"Botero Ruiz, Juan José","El Repertorio. Revista Mensual Ilustrada",2
"Botero Ruiz, Juan José","Lectura y Arte",1
"Botero, Manuel E.","El Montañés",3
"Bouet, Carlos","Revista Literaria. Publicación Mensual",1
"Bouret, Alonso","Lectura Amena",1
"Bourget, Paul","El Repertorio. Revista Mensual Ilustrada",1
"Bourget, Paul","Lectura Amena",1
"Bourget, Paul","Lectura y Arte",1
"Breen, M.","Lectura Amena",1
"Briand, Aristide","Trofeos",1
"Briceño, Manuel","La Gruta",1
"Briceño, Manuel","Trofeos",1
"Brisay, Henry de","Revista Moderna. (Enciclopedia colombiana)",2
"Brooks, Adam","Alpha",1
"Bueno, Manuel","Revista Contemporánea",1
"Burns, Robert","Revista Literaria. Publicación Mensual",1
"Bécquer, Gustavo Adolfo","Panida",1
"Böhl de Faber y Ruiz de Larrea, Cecilia ","Revista Literaria. Publicación Mensual",1
"Caballero, Lucas","Cultura",1
"Cabello de Carbonera, Mercedes","Revista Literaria. Publicación Mensual",2
"Cadenas, José Juan","Lectura Amena",1
"Caicedo Rojas, José","Revista Literaria. Publicación Mensual",4
"Caicedo Rojas, José","Revista Moderna. (Enciclopedia colombiana)",1
"Calcaño, Eduardo","Revista Literaria. Publicación Mensual",1
"Calcaño, José Antonio","Revista Literaria. Publicación Mensual",3
"Calcaño, Julio","Revista Literaria. Publicación Mensual",4
"Calderón de la Barca, Pedro","El Repertorio. Revista Mensual Ilustrada",1
"Calderón, Luis Eduardo","La Gruta",1
"Camacho Roldán, Salvador","Revista Literaria. Publicación Mensual",1
"Camacho Roldán, Salvador","Revista Moderna. (Enciclopedia colombiana)",1
"Camacho, Martín","Cultura",1
"Campo, Carlos del","La Bohemia Alegre",1
"Campoamor, Ramón de","Revista Literaria. Publicación Mensual",3
"Cancio Tobón, Juan","El Repertorio. Revista Mensual Ilustrada",1
"Cano Gutiérrez, Fidel","Alpha",4
"Cano Gutiérrez, Fidel","Cultura",3
"Cano Gutiérrez, Fidel","El Montañés",1
"Cano Gutiérrez, Fidel","El Repertorio. Revista Mensual Ilustrada",4
"Cano Gutiérrez, Fidel","La Bohemia Alegre",1
"Cano Gutiérrez, Fidel","Lectura Amena",5
"Cano Gutiérrez, Fidel","Lectura y Arte",1
"Cano Isaza, F.","Lectura y Arte",1
"Cano Villegas, Gabriel","Alpha",1
"Cano Villegas, Gabriel","Cultura",1
"Cano, Antonio José","Alpha",4
"Cano, Antonio José","Lectura Amena",7
"Cano, Antonio José","Lectura y Arte",4
"Cano, Antonio José","Panida",1
"Cano, Antonio José","Revista Contemporánea",1
"Cano, Antonio José","Trofeos",1
"Cano, Francisco Antonio","El Montañés",14
"Cano, Francisco Antonio","El Repertorio. Revista Mensual Ilustrada",21
"Cano, Francisco Antonio","Lectura y Arte",28
"Cano, Luis","Alpha",3
"Cano, Luis","Cultura",1
"Cano, Luis","Lectura Amena",10
"Cantillo, Liborio D.","La Gruta",1
"Cantó Vilaplana, Gonzalo","Revista Literaria. Publicación Mensual",1
"Capuana, Luigi","Revista Literaria. Publicación Mensual",1
"Carbonell, Gonzalo","La Gruta",1
"Cardenas, Bernardino","Lectura Amena",1
"Carducci, Giosuè","Revista Literaria. Publicación Mensual",1
"Carducci, Giosuè","Revista Moderna. (Enciclopedia colombiana)",1
"Carducci, Giosuè","Trofeos",8
"Carlyle, Thomas","Revista Literaria. Publicación Mensual",1
"Caro, José Eusebio","Revista Literaria. Publicación Mensual",16
"Caro, Luis Alejandro","Cultura",1
"Caro, Miguel Antonio","Cultura",1
"Caro, Miguel Antonio","Revista Literaria. Publicación Mensual",10
"Caro, Miguel Antonio","Revista Moderna. (Enciclopedia colombiana)",2
"Caro, Víctor Eduardo","Cultura",1
"Carranza, Adolfo Pedro ","Revista Literaria. Publicación Mensual",1
"Carrasquilla L., Juan de Dios","Alpha",1
"Carrasquilla L., Juan de Dios","Revista Contemporánea",3
"Carrasquilla, Ricardo","Revista Literaria. Publicación Mensual",1
"Carrasquilla, Tomás","Alpha",13
"Carrasquilla, Tomás","El Montañés",6
"Carrasquilla, Tomás","El Repertorio. Revista Mensual Ilustrada",1
"Carrasquilla, Tomás","Lectura Amena",1
"Carrere Moreno, Emilio ","Revista Moderna. (Enciclopedia colombiana)",1
"Carreño, Pedro M.","Revista Moderna. (Enciclopedia colombiana)",1
"Carricarte, Arturo R. de","Alpha",1
"Carriego, Evaristo","Panida",2
"Carrillo, Enrique A.","Revista Moderna. (Enciclopedia colombiana)",5
"Carvajal Borrero, Mario","Cultura",16
"Carvajal, Alberto","Alpha",1
"Carvajal, Alberto","Revista Contemporánea",1
"Carvajal, Alberto","Trofeos",2
"Carvajal, M.A.","Alpha",3
"Carvajal, M.A.","Lectura Amena",2
"Carvajal, M.A.","Revista Contemporánea",1
"Carvajal, M.A.","Trofeos",4
"Carvajal, Manuel A.","Revista Contemporánea",2
"Carvajal, Manuel Antonio","Cultura",15
"Carvajal, Manuel Antonio","Lectura y Arte",1
"Casal, Julián del","Lectura Amena",1
"Casas Castañeda, José Joaquín ","Revista Moderna. (Enciclopedia colombiana)",4
"Casas Castañeda, Vicente","Revista Moderna. (Enciclopedia colombiana)",1
"Castelar, Emilio","El Repertorio. Revista Mensual Ilustrada",1
"Castell, Ángel María","Lectura y Arte",1
"Castello, Carlos","La Gruta",4
"Castello, Manuel","La Gruta",1
"Castilla Baena, Clodomiro","Lectura y Arte",1
"Castillo, Eduardo","Cultura",5
"Castillo, Eduardo","Trofeos",1
"Castro y Serrano, José de","Revista Literaria. Publicación Mensual",1
"Castro, Alfonso","Alpha",2
"Castro, Alfonso","Cultura",3
"Castro, Alfonso","El Repertorio. Revista Mensual Ilustrada",1
"Castro, Alfonso","Lectura Amena",5
"Castro, Alfonso","Lectura y Arte",1
"Castro, Eugenio de","Cultura",1
"Castro, Eugenio de","Trofeos",3
"Cañas, Juan José","Revista Moderna. (Enciclopedia colombiana)",1
"Ceballos Quintana, Enrique","El Montañés",2
"Cervantes, Edmundo","La Gruta",1
"Cervantes, Próspero","Revista Literaria. Publicación Mensual",1
"Cervera, Manuel","Trofeos",3
"Cervera, Manuel S.","Lectura Amena",1
"Cestero, Tulio ","Revista Moderna. (Enciclopedia colombiana)",1
"Cestero, Tulio Manuel ","Trofeos",2
"Charton, Ernest","Revista Literaria. Publicación Mensual",1
"Chaumeix, André","Lectura y Arte",1
"Chaux, Simón","El Montañés",1
"Chaves, J.R.","La Gruta",1
"Chen Jitong","Revista Literaria. Publicación Mensual",1
"Chénier, André","Trofeos",1
"Claretie, Jules","Revista Moderna. (Enciclopedia colombiana)",1
"Claussen, Sophus","Panida",1
"Clavijo Durán, Antonio","Revista Literaria. Publicación Mensual",1
"Cobban, J. MacLaren ","Revista Literaria. Publicación Mensual",1
"Coll, Pedro Emilio ","Revista Moderna. (Enciclopedia colombiana)",1
"Collas, Louis-Charles ","Revista Literaria. Publicación Mensual",1
"Colorado, Vicente","Revista Literaria. Publicación Mensual",1
"Colín, Eduardo","Cultura",2
"Comandante de Civrieux","Revista Moderna. (Enciclopedia colombiana)",1
"Consuegra, Manuel S.","La Gruta",1
"Contreras, Francisco","Cultura",1
"Cooke, John Esten","Revista Literaria. Publicación Mensual",1
"Coppée, François","Lectura Amena",1
"Coppée, François","Revista Literaria. Publicación Mensual",1
"Coppée, François","Revista Moderna. (Enciclopedia colombiana)",1
"Coradine, Alberto","Cultura",11
"Cordovez Moure, José María","Revista Literaria. Publicación Mensual",2
"Cordovez Moure, José María","Revista Moderna. (Enciclopedia colombiana)",1
"Corral, Jesús M. del","Cultura",1
"Corral, Jesús M. del","El Montañés",1
"Corral, Jesús M. del","El Repertorio. Revista Mensual Ilustrada",3
"Corral, Jesús M. del","Lectura Amena",1
"Corral, M. Antonio del","La Bohemia Alegre",1
"Correa, Ramón","Alpha",1
"Creta, Ruy de","Alpha",1
"Cruz, Efraím de la","Alpha",2
"Cruz, Jorge de la ","Alpha",4
"Cuervo Márquez, Carlos","Revista Moderna. (Enciclopedia colombiana)",5
"Cuervo Márquez, Emilio","Alpha",1
"Cuervo Márquez, Emilio","Revista Moderna. (Enciclopedia colombiana)",8
"Cuervo, Luis Augusto","Cultura",7
"Cuervo, Luis Augusto","Revista Moderna. (Enciclopedia colombiana)",1
"Cuervo, Rufino José","Revista Contemporánea",1
"Cuervo, Rufino José","Trofeos",2
"Cuéllar Durán, Zoilo","Revista Literaria. Publicación Mensual",1
"Céspedes, Ángel María","Cultura",3
"Céspedes, Ángel María","Trofeos",3
"Cólogan y Cólogan, Bernardo Jacinto de ","Revista Literaria. Publicación Mensual",1
"D'Annunzio, Gabriele","La Gruta",1
"D'Annunzio, Gabriele","Lectura Amena",4
"D'Annunzio, Gabriele","Lectura y Arte",2
"D'Annunzio, Gabriele","Revista Contemporánea",3
"D'Annunzio, Gabriele","Trofeos",3
"D'Avenel, Vizconde","Revista Moderna. (Enciclopedia colombiana)",1
"D'Enjoÿ, Paul","Lectura Amena",1
"D'Hervilly, Ernest ","Revista Literaria. Publicación Mensual",1
"D'Ors, Eugenio","Cultura",1
"D'Ors, Eugenio","Lectura Amena",1
"D'Ors, Eugenio","Panida",1
"D'Ors, Eugenio","Revista Moderna. (Enciclopedia colombiana)",2
"Dahlgren, E.N.","Revista Moderna. (Enciclopedia colombiana)",1
"Darío, Rubén","Alpha",1
"Darío, Rubén","Lectura Amena",6
"Darío, Rubén","Panida",5
"Darío, Rubén","Revista Contemporánea",1
"Darío, Rubén","Revista Moderna. (Enciclopedia colombiana)",1
"Darío, Rubén","Trofeos",1
"Daudet, Alphonse","Lectura Amena",2
"Daudet, Alphonse","Revista Literaria. Publicación Mensual",1
"Davray, Henry-D.","Trofeos",1
"Delgado, Jorge E.","Alpha",1
"Deslys, Charles","Revista Literaria. Publicación Mensual",3
"Desroix, Jacques","Trofeos",1
"Dicenta, Joaquín","Lectura Amena",8
"Diuribía, Marcel","La Bohemia Alegre",1
"Donato Navarro, Manuel","Lectura Amena",2
"Dumas, Joël","Trofeos",1
"Duque Uribe, Rafael","Alpha",1
"Duque Uribe, Rafael","La Gruta",1
"Duque Uribe, Rafael","Revista Contemporánea",10
"Duque Uribe, Rafael","Trofeos",3
"Duque, Antonio de J.","El Repertorio. Revista Mensual Ilustrada",2
"Dymón","El Repertorio. Revista Mensual Ilustrada",1
"Déubel, Leon","Alpha",1
"Díaz Guerra, Alirio","Revista Literaria. Publicación Mensual",1
"Díaz Rodríguez, Manuel ","Revista Moderna. (Enciclopedia colombiana)",1
"Díaz Romero, Eugenio","Revista Contemporánea",2
"Díaz del Castillo, Ildefonso","Revista Literaria. Publicación Mensual",1
"Díaz, Leopoldo","Lectura Amena",1
"Díaz, Leopoldo","Panida",1
"Díaz, Leopoldo","Revista Literaria. Publicación Mensual",1
"Díaz, Leopoldo","Trofeos",3
"Díaz, Pedro Pablo","Alpha",1
"Díez Canedo, Enrique","Panida",1
"Díez Canedo, Manuel","Revista Moderna. (Enciclopedia colombiana)",1
"EDOS","La Gruta",1
"Eastman, Tomás Oziel","Alpha",2
"Eastman, Tomás Oziel","Cultura",1
"Echagüe, Francisco","Lectura Amena",1
"Echavarría Vélez, Liborio","Lectura Amena",1
"Echegaray, José","Revista Literaria. Publicación Mensual",1
"Echegorri, P.","Lectura Amena",1
"Echeverri, Camilo Antonio","El Repertorio. Revista Mensual Ilustrada",6
"Echeverría, Eduardo","La Gruta",3
"Echeverría, Eduardo","Lectura y Arte",1
"Echeverría, Marcelino","La Gruta",2
"Eraña, Silverio","Alpha",1
"Escallón, Rafael","Cultura",4
"Escobar Larrazábal, Melitón","Cultura",21
"Escobar Padilla, Cenón","Revista Moderna. (Enciclopedia colombiana)",1
"Escobar Pino, Roberto","Revista Literaria. Publicación Mensual",3
"Escobar R., Eusebio","Revista Literaria. Publicación Mensual",1
"Escobar Roa, Rafael","La Gruta",2
"Escobar Rojo, Severo","Alpha",4
"Escobar Sarmiento, Ricardo","Trofeos",2
"Escobar, Felipe S.","La Gruta",1
"Escobar, Francisco","El Montañés",1
"Escobar, Mario","La Gruta",3
"Escobar, Pedro Ignacio","La Gruta",7
"Escovar Gaviria, Gonzalo","El Montañés",2
"Escovar, José María","El Montañés",8
"Esguerra Ortiz, Joaquín","Revista Literaria. Publicación Mensual",1
"Esguerra, Manuel","Revista Moderna. (Enciclopedia colombiana)",2
"Esguerra, Nicolás","Cultura",1
"Espinosa Guzmán, Rafael","La Gruta",29
"Espinosa Guzmán, Rafael","Trofeos",2
"Espinosa, Roberto","Revista Literaria. Publicación Mensual",1
"Esquivel Obregón, Toribio","Revista Moderna. (Enciclopedia colombiana)",1
"Estrada Paniagua, Felipe","Revista Literaria. Publicación Mensual",1
"Fallon, Diego ","Revista Moderna. (Enciclopedia colombiana)",1
"Febres Cordero, Tulio","Revista Literaria. Publicación Mensual",3
"Fernández Avendaño, Enrique Wenceslao","El Montañés",4
"Fernández Avendaño, Enrique Wenceslao","El Repertorio. Revista Mensual Ilustrada",3
"Fernández Avendaño, Enrique Wenceslao","Lectura Amena",1
"Fernández Avendaño, Enrique Wenceslao","Lectura y Arte",1
"Fernández Avendaño, Enrique Wenceslao","Revista Literaria. Publicación Mensual",5
"Fernández García, Alejandro","Lectura Amena",2
"Fernández García, Alejandro","Revista Contemporánea",3
"Fernández García, Alejandro","Trofeos",1
"Fernández Ríos, Ovidio","Panida",1
"Fernández Villegas, Francisco","Revista Literaria. Publicación Mensual",1
"Fernández, Manuel M.","Revista Literaria. Publicación Mensual",2
"Fernández, Rafael César","Revista Literaria. Publicación Mensual",1
"Ferrari, Emilio","Revista Literaria. Publicación Mensual",1
"Ferrer L., Eduardo","El Repertorio. Revista Mensual Ilustrada",1
"Ferrer, Jesús","La Bohemia Alegre",4
"Ferrero, Guillermo","Revista Moderna. (Enciclopedia colombiana)",1
"Fleuriot-Kerinou, Francis","Revista Literaria. Publicación Mensual",1
"Flórez Galindo, Federico ","Revista Literaria. Publicación Mensual",1
"Flórez Álvarez, Ester","La Gruta",2
"Flórez Álvarez, Ester","Trofeos",1
"Flórez, Julio","El Repertorio. Revista Mensual Ilustrada",2
"Flórez, Julio","La Gruta",3
"Flórez, Julio","Lectura Amena",2
"Fort, Paul","Panida",3
"Fort, Paul","Trofeos",4
"France, Anatole","Panida",1
"Francisco, Julio de","La Gruta",7
"Francisco, Julio de","Lectura y Arte",1
"Francisco, Ricardo de","Revista Literaria. Publicación Mensual",1
"Franco, Enrique","Revista Literaria. Publicación Mensual",1
"Francés, José","Panida",1
"Frontaura, Carlos","Revista Literaria. Publicación Mensual",1
"Fx. B.","Lectura Amena",1
"Féval, Paul","El Repertorio. Revista Mensual Ilustrada",1
"Gabriac, Alexis de","Revista Literaria. Publicación Mensual",1
"Gaitán O., Gustavo","La Gruta",2
"Gaitán O., Gustavo","Revista Contemporánea",2
"Galindo, Aníbal","Revista Literaria. Publicación Mensual",1
"Gamboa, Isaías","Lectura Amena",1
"Gamboa, Mateo","Lectura Amena",1
"Gamero, Luis ","Alpha",1
"Garavito Armero, Julio","Cultura",2
"Garay, Epifanio","Cultura",2
"Garay, Epifanio","Lectura y Arte",2
"Garcés, Enrique","Cultura",3
"Garcés, Leopoldo","El Montañés",2
"García Calvo, Federico ","Revista Contemporánea",1
"García Mérou, Martín","Revista Literaria. Publicación Mensual",1
"García Ortiz, Laureano","Cultura",1
"García Ortiz, Laureano","Revista Contemporánea",3
"García Rico, Francisco","La Gruta",1
"García Samudio, Nicolás","Cultura",5
"García Zamudio, Nicolás","Cultura",1
"García, Evaristo","Revista Literaria. Publicación Mensual",1
"García, Juan Crisóstomo","Revista Moderna. (Enciclopedia colombiana)",1
"Gartner, Hugo","Alpha",1
"Gautier, Judith","Revista Moderna. (Enciclopedia colombiana)",2
"Gautier, Théophile","Lectura Amena",1
"Gaviria Arango, Enrique","La Bohemia Alegre",1
"Gaviria I., Henrique","El Repertorio. Revista Mensual Ilustrada",1
"Gaviria Isaza, Henrique","Lectura y Arte",1
"Gaviria, José A.","Alpha",2
"Gaviria, José A.","El Montañés",2
"Gebhart, Émile","Revista Moderna. (Enciclopedia colombiana)",1
"Gerin, Gabriel","Lectura Amena",1
"Gide, André","Alpha",2
"Gide, André","Trofeos",1
"Gil, Constantino","Revista Literaria. Publicación Mensual",2
"Gil, Ricardo","Lectura Amena",1
"Giraldo, Francisco","Trofeos",1
"Giraud, Victor","Trofeos",1
"Girón, Lázaro María","Revista Literaria. Publicación Mensual",1
"Goenaga, Florentino","Revista Literaria. Publicación Mensual",1
"Goethe, Johann Wolfgang von","El Repertorio. Revista Mensual Ilustrada",2
"Gomperz, Theodor","Trofeos",3
"Gonzaga Urbina, Luis","Lectura Amena",1
"González Blanco, Andrés","Panida",4
"González Obregón, Luis","Revista Literaria. Publicación Mensual",1
"González Ochoa, Fernando","Panida",6
"González Serrano, Urbano","Lectura Amena",1
"González Suárez, Federico","Revista Literaria. Publicación Mensual",1
"González Torres, A.","Revista Literaria. Publicación Mensual",1
"Gorki, Maksim","Lectura Amena",1
"Gourmont, Remy de","Alpha",3
"Gourmont, Remy de","Panida",1
"Gourmont, Remy de","Revista Contemporánea",2
"Gourmont, Remy de","Revista Moderna. (Enciclopedia colombiana)",1
"Gourmont, Remy de","Trofeos",1
"Goya, Antonio","Revista Literaria. Publicación Mensual",1
"Goyau, Georges ","Revista Moderna. (Enciclopedia colombiana)",1
"Graf, Arturo","Panida",1
"Gramont, Luciano","Lectura Amena",1
"Grant, Allen","Revista Contemporánea",2
"Greiff, Carlos de","El Repertorio. Revista Mensual Ilustrada",1
"Greiff, León de","Lectura y Arte",1
"Greiff, León de","Panida",7
"Greiff, Luis de","El Repertorio. Revista Mensual Ilustrada",83
"Greiff, Luis de","Lectura Amena",2
"Greiff, Luis de","Lectura y Arte",2
"Grillo, Maximiliano","Alpha",2
"Grillo, Maximiliano","Cultura",3
"Grillo, Maximiliano","El Repertorio. Revista Mensual Ilustrada",4
"Grillo, Maximiliano","La Gruta",4
"Grillo, Maximiliano","Lectura Amena",1
"Grillo, Maximiliano","Lectura y Arte",1
"Grillo, Maximiliano","Revista Contemporánea",14
"Grillo, Maximiliano","Trofeos",8
"Groot, José Manuel","Lectura Amena",1
"Grégory, Pedro N.","El Repertorio. Revista Mensual Ilustrada",1
"Guardia, Ernesto de la","Revista Literaria. Publicación Mensual",1
"Guerra Azuola, Ramón","Revista Literaria. Publicación Mensual",6
"Guerrero, Rafael","La Gruta",1
"Guerrini, Olindo","Lectura Amena",1
"Guerrini, Olindo","Revista Literaria. Publicación Mensual",1
"Gumucio, Adulfo de","Revista Literaria. Publicación Mensual",1
"Gutiérrez B., Germán","La Bohemia Alegre",1
"Gutiérrez González, Gregorio","El Repertorio. Revista Mensual Ilustrada",2
"Gutiérrez Robledo, Julio","La Bohemia Alegre",1
"Gutiérrez de Alba, José María","Revista Literaria. Publicación Mensual",2
"Gutiérrez, Felipe Santiago","Cultura",1
"Gutiérrez, Francisco A.","Revista Literaria. Publicación Mensual",1
"Guyau, Jean-Marie","Revista Contemporánea",1
"Guzmán Esponda, Eduardo","Cultura",1
"Guzmán, César Coronado","Revista Literaria. Publicación Mensual",1
"Guérin, Charles","Trofeos",1
"Guérin, Maurice de","Trofeos",2
"Gálvez, Manuel","Revista Contemporánea",1
"Gómez Barrientos, Estanislao","Alpha",5
"Gómez Barrientos, Estanislao","El Montañés",7
"Gómez Carrillo, Enrique","Alpha",1
"Gómez Carrillo, Enrique","Lectura Amena",4
"Gómez Carrillo, Enrique","Revista Moderna. (Enciclopedia colombiana)",1
"Gómez Carrillo, Enrique","Trofeos",1
"Gómez E., Bernardo","Lectura Amena",2
"Gómez Escobar, Francisco","Alpha",2
"Gómez Escobar, Francisco","El Montañés",7
"Gómez Escobar, Francisco","El Repertorio. Revista Mensual Ilustrada",2
"Gómez Escobar, Francisco","La Bohemia Alegre",1
"Gómez Escobar, Francisco","Lectura Amena",1
"Gómez Escobar, Francisco","Lectura y Arte",2
"Gómez Jaime de Abadía, Herminia","Cultura",1
"Gómez Jaime, Alfredo","La Gruta",3
"Gómez Jaime, Alfredo","Lectura Amena",1
"Gómez Jaime, Alfredo","Lectura y Arte",1
"Gómez Jaime, Alfredo","Revista Contemporánea",1
"Gómez Naranjo, Abelardo","Cultura",2
"Gómez Restrepo, Antonio","Alpha",2
"Gómez Restrepo, Antonio","Cultura",4
"Gómez Restrepo, Antonio","Revista Contemporánea",2
"Gómez Restrepo, Antonio","Revista Literaria. Publicación Mensual",3
"Gómez Restrepo, Antonio","Revista Moderna. (Enciclopedia colombiana)",2
"Gómez Restrepo, Antonio","Trofeos",8
"Gómez de Baquero, Eduardo","Revista Literaria. Publicación Mensual",2
"Gómez, Enrique","La Gruta",1
"Gómez, Jaime Alfredo","Revista Contemporánea",1
"Gómez, Lucas","Lectura Amena",1
"Gómez, Plinio","La Gruta",1
"Güell, Joaquín M.","La Gruta",5
"Güell, Joaquín M.","Trofeos",1
"Güell, Joaquín M. ","Revista Moderna. (Enciclopedia colombiana)",1
"Hawthorne, Nathaniel","Cultura",1
"Hearn, Lafcadio","Alpha",3
"Heine, Heinrich","El Montañés",2
"Heine, Heinrich","El Repertorio. Revista Mensual Ilustrada",1
"Heine, Heinrich","Revista Literaria. Publicación Mensual",2
"Henao, Federico Carlos","El Montañés",1
"Henao, Federico Carlos","El Repertorio. Revista Mensual Ilustrada",3
"Henao, Federico Carlos","La Bohemia Alegre",11
"Hephel","Revista Literaria. Publicación Mensual",2
"Heredia Márquez, Francisco de","La Gruta",1
"Heredia Márquez, Francisco de ","Revista Contemporánea",3
"Heredia, José María de","Lectura Amena",1
"Heredia, José María de","Revista Literaria. Publicación Mensual",1
"Heredia, José María de","Trofeos",11
"Hermant, Abel","Revista Moderna. (Enciclopedia colombiana)",1
"Hernández Catá, Alfonso","Alpha",1
"Hernández, Luis María","El Repertorio. Revista Mensual Ilustrada",1
"Herrera, Benjamín","Revista Moderna. (Enciclopedia colombiana)",1
"Herrán, Pablo Emilio","La Gruta",1
"Hidalgo Lara, Tomás","Revista Literaria. Publicación Mensual",2
"Hinestroza Daza, Ricardo","Revista Contemporánea",5
"Hoffmann, Ernst Theodor Amadeus","Revista Literaria. Publicación Mensual",1
"Holguín Caro, Hernando","Cultura",1
"Holguín Caro, Hernando","Revista Moderna. (Enciclopedia colombiana)",2
"Holguín, Jorge","Revista Literaria. Publicación Mensual",1
"Holguín, Jorge","Trofeos",1
"Hoyos y Vinent, Antonio de","Revista Moderna. (Enciclopedia colombiana)",1
"Hoyos, Sebastián","Alpha",1
"Hugo, Victor","Lectura Amena",2
"Hugo, Victor","Revista Literaria. Publicación Mensual",2
"Hugo, Victor","Revista Moderna. (Enciclopedia colombiana)",1
"Huysmans, Joris-Karl","Lectura Amena",1
"Ibáñez, Pedro María","Revista Literaria. Publicación Mensual",6
"Ibáñez, Pedro María","Revista Moderna. (Enciclopedia colombiana)",3
"Icaza, Francisco A. de","Panida",1
"Icaza, Francisco A. de","Trofeos",2
"Ingenieros, José","Panida",1
"Ingenieros, José","Revista Moderna. (Enciclopedia colombiana)",1
"Isaacs, Jorge","Revista Literaria. Publicación Mensual",4
"Isaacs, Lisímaco","Lectura Amena",1
"Isaza, Fernando","Panida",1
"Isaza, Horacio","La Gruta",3
"Isaza, Teodomiro","Panida",6
"Jackson Veyán, José","Revista Literaria. Publicación Mensual",1
"Jaloux, Edmond","Alpha",1
"Jammes, Francis ","Panida",2
"Jaramillo A., Roberto","Lectura Amena",3
"Jaramillo Arango, Rafael","Panida",7
"Jaramillo Arango, Roberto ","Panida",1
"Jaramillo Córdoba, Federico","El Repertorio. Revista Mensual Ilustrada",1
"Jaramillo Jaramillo, Germán ","El Montañés",1
"Jaramillo Medina, Francisco","Alpha",5
"Jaramillo Meza, Juan Bautista ","Revista Moderna. (Enciclopedia colombiana)",1
"Jaramillo P., Escipión","Alpha",1
"Jaramillo P., Escipión","Lectura Amena",3
"Jaramillo P., Escipión","Trofeos",1
"Jaramillo, Bernardo","Alpha",6
"Jaramillo, Bernardo","Lectura Amena",1
"Jaramillo, Bernardo","Lectura y Arte",1
"Jaramillo, Emilio","Alpha",1
"Jaramillo, Emilio","Lectura y Arte",1
"Jaramillo, Joaquín Emilio","Lectura Amena",1
"Jeunesse, Ernest La","Trofeos",1
"Jiménez López, Miguel","Cultura",4
"Jiménez de la Espada, Marcos","Revista Literaria. Publicación Mensual",2
"Jiménez, Juan Ramón","Panida",3
"Jiménez, Juan Ramón","Revista Contemporánea",1
"Jiménez, Tobías","El Montañés",2
"Joubert, Joseph","Trofeos",1
"Joufrez, Lila de","La Gruta",1
"Jouy, Victor Joseph Étienne de","El Repertorio. Revista Mensual Ilustrada",1
"Jugo Ramírez, Diego","Revista Literaria. Publicación Mensual",1
"Kaminsky-Halpérine, Ilya","Revista Moderna. (Enciclopedia colombiana)",1
"Khayyam, Omar ","Panida",1
"Kipling, Rudyard","Alpha",2
"L'Heureux, Marcel","Revista Moderna. (Enciclopedia colombiana)",1
"LL. RR","Alpha",1
"Lamartine, Alphonse de","Revista Literaria. Publicación Mensual",2
"Lambert, Suzanne","Revista Literaria. Publicación Mensual",1
"Lapauze, Jeanne","Revista Moderna. (Enciclopedia colombiana)",1
"Larra, Gilberto E.","El Montañés",1
"Larrazábal, Antonio","Revista Literaria. Publicación Mensual",1
"Latorre, Francisco A.","Lectura y Arte",3
"Latorre, Gabriel","Alpha",2
"Latorre, Gabriel","El Montañés",8
"Latorre, Gabriel","Lectura y Arte",3
"Laverde Amaya, Isidoro","Revista Literaria. Publicación Mensual",77
"Laverde Liévano, Manuel","Revista Moderna. (Enciclopedia colombiana)",1
"Le Blond, M.","Revista Literaria. Publicación Mensual",1
"Le Moyne, Arnaud Auguste Hilaire","Revista Literaria. Publicación Mensual",3
"Legouvé, Ernest","Revista Literaria. Publicación Mensual",1
"Lemaître, Jules","Cultura",1
"Lemly, Henry Rowan","Revista Literaria. Publicación Mensual",2
"Leopardi, Giacomo","Trofeos",1
"León Gómez, Adolfo","El Montañés",2
"León Gómez, Adolfo","La Gruta",2
"León Gómez, Adolfo","Lectura Amena",1
"León Gómez, Adolfo","Lectura y Arte",1
"Lipparini, Giuseppe","Trofeos",1
"Lisle, Leconte de","Lectura Amena",2
"Lizardo, Pedro","Lectura Amena",1
"Liévano, Roberto","Cultura",2
"Llanos, Luis de","Revista Literaria. Publicación Mensual",1
"Lleras A., Alfredo","La Gruta",2
"Lleras Codazzi, Ricardo","Revista Moderna. (Enciclopedia colombiana)",1
"Londoño, Pedro P.","La Bohemia Alegre",4
"Londoño, Víctor Manuel","Alpha",1
"Londoño, Víctor Manuel","La Gruta",3
"Londoño, Víctor Manuel","Lectura Amena",1
"Londoño, Víctor Manuel","Lectura y Arte",1
"Londoño, Víctor Manuel","Revista Contemporánea",4
"Londoño, Víctor Manuel","Trofeos",25
"Longfellow, Henry Wadsworth","Revista Literaria. Publicación Mensual",1
"Lorenzana, Máximo","Revista Moderna. (Enciclopedia colombiana)",1
"Loti, Pierre","Alpha",1
"Louÿs, Pierre","Alpha",1
"Louÿs, Pierre","Trofeos",1
"Lozano y Lozano, Fabio","Cultura",6
"Lozano y Lozano, Fabio","Revista Moderna. (Enciclopedia colombiana)",2
"Lozano, Alberto","Lectura Amena",1
"Lugo, Silvio","Lectura y Arte",1
"Lugones, Leopoldo","Revista Moderna. (Enciclopedia colombiana)",1
"López Iriarte, E.","Revista Literaria. Publicación Mensual",1
"López Lapuya, Isidoro ","El Montañés",1
"López Penha, Abraham Zacarías ","La Bohemia Alegre",1
"López de Mesa, Luis","Cultura",36
"López, Alejandro","Alpha",2
"López, Alejandro","El Montañés",1
"López, Ismael","Cultura",2
"López, Ismael","La Gruta",10
"López, Ismael","Revista Contemporánea",2
"López, Ismael","Revista Moderna. (Enciclopedia colombiana)",5
"López, Ismael","Trofeos",19
"López, Samuel","La Gruta",1
"Machado, Gonzalo","Trofeos",1
"Machado, Manuel","Lectura y Arte",2
"Machado, Manuel","Panida",1
"Maeterlinck, Maurice","Alpha",3
"Maeterlinck, Maurice","Cultura",1
"Magallanes Moure, Manuel","Revista Contemporánea",1
"Maizeroy, René","Revista Moderna. (Enciclopedia colombiana)",2
"Mallarino, Julio D.","Revista Literaria. Publicación Mensual",1
"Mallarmé, Stéphane","Panida",1
"Mallarmé, Stéphane","Revista Contemporánea",1
"Manrique, Juan E.","Revista Contemporánea",1
"Manrique, Pedro Carlos","La Gruta",1
"Maragall, Juan","Alpha",1
"Marquina, Eduardo","Alpha",1
"Marquina, Eduardo","Lectura Amena",1
"Marquina, Eduardo","Panida",1
"Marquina, Pedro ","Revista Literaria. Publicación Mensual",1
"Marroquín, José Manuel","Revista Literaria. Publicación Mensual",2
"Martel, L.","La Bohemia Alegre",1
"Martín Mateos, Nicomedes","Revista Literaria. Publicación Mensual",1
"Martínez Rivas, Federico","Trofeos",1
"Martínez Ruiz, José","Cultura",1
"Martínez Ruiz, José","Panida",3
"Martínez Ruiz, José","Revista Moderna. (Enciclopedia colombiana)",1
"Martínez Sierra, Gregorio","Alpha",2
"Martínez Sierra, Gregorio","Lectura Amena",2
"Martínez Sierra, Gregorio","Lectura y Arte",2
"Martínez Sierra, Gregorio","Revista Contemporánea",2
"Martínez Silva, Carlos","Revista Literaria. Publicación Mensual",1
"Martínez Villergas, Juan","Revista Literaria. Publicación Mensual",1
"Martínez, Antonio R.","Revista Literaria. Publicación Mensual",1
"Martínez, Miguel","El Repertorio. Revista Mensual Ilustrada",1
"Martón é Izaguirre, J.","Revista Contemporánea",1
"Marín, Abel","Alpha",3
"Marín, Abel","Lectura Amena",11
"Mateus, Jorge","Cultura",1
"Matos Hurtado, Belisario","Revista Moderna. (Enciclopedia colombiana)",1
"Matos Hurtado, Belisario","Trofeos",1
"Maupassant, Guy de","Lectura Amena",2
"Maupassant, Guy de","Lectura y Arte",1
"Maupassant, Guy de","Revista Literaria. Publicación Mensual",1
"May, Dick","Revista Moderna. (Enciclopedia colombiana)",1
"Maya, Juan Antonio","La Gruta",1
"Maya, Juan Antonio","Lectura Amena",1
"Maya, Juan F.","El Montañés",1
"Mayorga Rivas, Román","Revista Literaria. Publicación Mensual",1
"Medina, Vicente","Alpha",4
"Medina, Vicente","Lectura Amena",1
"Mejía Arango, Félix","Panida",14
"Mejía V., Sebastián","La Bohemia Alegre",1
"Mejía Ángel, Gustavo ","Alpha",1
"Mejía Ángel, Gustavo ","Panida",1
"Mejía, Epifanio","El Repertorio. Revista Mensual Ilustrada",1
"Mejía, Epifanio","La Bohemia Alegre",2
"Mejía, Epifanio","Revista Literaria. Publicación Mensual",1
"Mejía, Epifanio ","Lectura Amena",1
"Mejía, Gabriel","La Bohemia Alegre",1
"Mendive y Daumy, Rafael María de","Revista Literaria. Publicación Mensual",1
"Mendoza, Diego","Cultura",2
"Mendoza, Diego","La Gruta",2
"Mendoza, Diego","Revista Moderna. (Enciclopedia colombiana)",3
"Mendès, Catulle","El Repertorio. Revista Mensual Ilustrada",1
"Mendès, Catulle","La Gruta",1
"Mendès, Catulle","Lectura Amena",2
"Mercado, Julio","Lectura Amena",1
"Merchán, Rafael María","Revista Literaria. Publicación Mensual",5
"Merezhkovski, Dmitri","Lectura y Arte",1
"Merizalde Uribe, Antonio","Alpha",2
"Merizalde Uribe, Antonio","Lectura Amena",5
"Merizalde Uribe, Antonio ","Panida",2
"Merrill, Stuart","Cultura",1
"Mesa Jaramillo, José María","Alpha",1
"Mesa Nicholls, Alejandro","Cultura",5
"Mesa, Rafael","El Montañés",30
"Mesa, Rafael","El Repertorio. Revista Mensual Ilustrada",5
"Meteyard, Sidney","El Repertorio. Revista Mensual Ilustrada",1
"Michaud-D'Hamiae, L.","Lectura Amena",1
"Michelsen Uribe, Gustavo","Revista Literaria. Publicación Mensual",1
"Mikhaël, Efraín","Revista Contemporánea",1
"Millican, Albert","Revista Literaria. Publicación Mensual",2
"Miró Ferrer, Gabriel","Panida",1
"Mockel, Albert","Revista Contemporánea",2
"Mockel, Albert","Trofeos",1
"Moireau, Auguste","Revista Moderna. (Enciclopedia colombiana)",1
"Molina Garcés, Ciro","Cultura",14
"Molina Paniagua, Modesto","Revista Literaria. Publicación Mensual",1
"Molina, Carlos A.","Lectura Amena",1
"Molina, Carlos A.","Lectura y Arte",2
"Molina, Pedro Antonio","Revista Moderna. (Enciclopedia colombiana)",1
"Monasterios Velásquez, Jesús María","Revista Literaria. Publicación Mensual",1
"Monsalve, José Dolores ","Revista Moderna. (Enciclopedia colombiana)",2
"Monte, D. L.","Lectura Amena",1
"Montes del Valle, Agripina","La Gruta",2
"Montoya Canal, Aníbal","Cultura",1
"Montoya Kennedy, F. A.","La Bohemia Alegre",2
"Montoya Pérez, Rafael","Alpha",2
"Montoya Pérez, Rafael","Lectura Amena",6
"Montoya Pérez, Rafael","Lectura y Arte",3
"Montoya, Antonio José","El Repertorio. Revista Mensual Ilustrada",1
"Montoya, Antonio José","La Bohemia Alegre",8
"Montoya, Antonio José","Lectura Amena",6
"Montoya, Antonio José","Lectura y Arte",3
"Montoya, Eladio","El Montañés",1
"Montoya, Gabriel","El Montañés",28
"Montoya, José","Alpha",4
"Montoya, José","El Montañés",6
"Montoya, José","Panida",1
"Montoya, Mariano","El Montañés",1
"Mora Vásquez, José Manuel ","Panida",2
"Mora, Félix","Revista Literaria. Publicación Mensual",1
"Mora, José Joaquín de","Revista Literaria. Publicación Mensual",1
"Mora, Luis María","La Gruta",1
"Morales Berti, Luis","Revista Moderna. (Enciclopedia colombiana)",1
"Moreno Alba, Miguel","Alpha",1
"Moreno Alba, Miguel","Lectura Amena",1
"Morice, Charles","La Gruta",1
"Moréas, Jean","Lectura Amena",1
"Moréas, Jean","Trofeos",1
"Mosquera, Tomás Cipriano de","Cultura",7
"Moussy, Martín de","Revista Literaria. Publicación Mensual",1
"Munroo, Alick","La Gruta",1
"Murena, Claudio","Trofeos",1
"Murger, Henry","La Bohemia Alegre",1
"Murillo, Bartolomé Esteban","El Montañés",1
"Musset, Alfred de ","El Montañés",2
"Muñoz Fernández, Francisco de Paula","El Repertorio. Revista Mensual Ilustrada",1
"Muñoz, Luis J.","El Montañés",1
"Márquez Bravo, Tomás","Cultura",2
"Márquez Bravo, Tomás ","Panida",1
"Márquez Cuervo, Carlos","Revista Moderna. (Enciclopedia colombiana)",1
"Méndez y Mendoza, Eugenio","Revista Literaria. Publicación Mensual",1
"Méndez, Juan de Dios","Revista Literaria. Publicación Mensual",1
"Nanfa, Crisógono de","Revista Literaria. Publicación Mensual",1
"Naranjo Martínez, Enrique","Trofeos",4
"Narváez, Antonio de","Revista Moderna. (Enciclopedia colombiana)",3
"Narváez, Roberto de","Revista Literaria. Publicación Mensual",1
"Narváez, Roberto de ","Revista Moderna. (Enciclopedia colombiana)",4
"Nauts, Carlos","El Montañés",2
"Navas Spínola, Domingo","Alpha",1
"Negueri, D.","Lectura Amena",3
"Nervo, Amado","Lectura Amena",9
"Nervo, Amado","Trofeos",1
"Nieremberg, Juan Eusebio","El Repertorio. Revista Mensual Ilustrada",2
"Nieto Caballero, Agustín","Cultura",21
"Nieto Caballero, Luis Eduardo","Cultura",4
"Nieto, Ricardo","Alpha",2
"Nieto, Ricardo","Lectura Amena",5
"Nieto, Ricardo","Trofeos",1
"Nogales, José","Lectura y Arte",1
"Nordau, Max ","Revista Contemporánea",1
"Novicow, F.","Alpha",1
"Núñez, Carlos","Lectura y Arte",1
"Núñez, Rafael","Revista Literaria. Publicación Mensual",2
"O'Kelly, James J.","Revista Literaria. Publicación Mensual",1
"Obligado, Rafael","Revista Literaria. Publicación Mensual",1
"Olano, Ricardo","Alpha",1
"Olano, Ricardo","El Montañés",2
"Olano, Ricardo","Lectura Amena",1
"Olano, Ricardo","Lectura y Arte",2
"Olarte, Enrique","Lectura y Arte",1
"Olaya Herrera, Enrique","Cultura",1
"Olaya Herrera, Enrique","Revista Moderna. (Enciclopedia colombiana)",1
"Olaya Herrera, Enrique","Trofeos",1
"Onorato, Desiderio","Cultura",1
"Orbigny, Alcide Charles Victor Marie Dessalines de","Revista Literaria. Publicación Mensual",1
"Orrego Barros, Antonio","Lectura y Arte",1
"Ortega, Alfredo","Revista Contemporánea",4
"Ortega, Alfredo Tomás","Cultura",1
"Ortiz V., Manuel","Revista Moderna. (Enciclopedia colombiana)",1
"Ortiz, José Joaquín","Revista Literaria. Publicación Mensual",2
"Ortiz, Nicolás","Revista Literaria. Publicación Mensual",1
"Ortiz, Rafael","Revista Literaria. Publicación Mensual",1
"Ortiz, Venancio","Revista Literaria. Publicación Mensual",2
"Ospina Vásquez, Mariano","Alpha",8
"Ospina Vásquez, Mariano","El Montañés",25
"Ospina Vásquez, Mariano","La Gruta",1
"Ospina Vásquez, Mariano","Lectura y Arte",6
"Ospina Vásquez, Tulio","Alpha",1
"Ospina Vásquez, Tulio","El Montañés",5
"Ospina Vásquez, Tulio","Lectura y Arte",1
"Ospina, Pedro Nel","El Montañés",3
"Ospina, Pedro Nel","El Repertorio. Revista Mensual Ilustrada",1
"Ospina, Pedro Nel","La Bohemia Alegre",1
"Ossa, Valentín","Trofeos",1
"Ossorio y Bernard, Manuel","Revista Literaria. Publicación Mensual",2
"Ouvré, Henry","Trofeos",1
"P. A.","La Gruta",1
"Paillié, Francisco A.","La Gruta",1
"Paillié, Francisco A.","Revista Contemporánea",1
"Paillié, Francisco A.","Trofeos",2
"Palacio M., Obdulio","El Repertorio. Revista Mensual Ilustrada",2
"Palacio Muñoz, Obdulio","Alpha",2
"Palacio Muñoz, Obdulio","El Montañés",1
"Palacio Uribe, Benjamín","Trofeos",1
"Palacio Uribe, Tomás","Lectura Amena",1
"Palacio, Eduardo A. ","Panida",1
"Palacio, Manuel del","Revista Literaria. Publicación Mensual",5
"Palacios, Eustaquio","Revista Literaria. Publicación Mensual",1
"Palma, Clemente","Lectura Amena",3
"Paláu R., Antonio M. ","Alpha",1
"Paláu, Alfonso","Cultura",16
"Paláu, Melchor de","Revista Literaria. Publicación Mensual",1
"Papini, Giovanni","Panida",1
"Pardo Farelo, Enrique","Alpha",3
"Pardo Farelo, Enrique","Cultura",2
"Pardo Farelo, Enrique","Revista Moderna. (Enciclopedia colombiana)",1
"Pardo Farelo, Enrique","Trofeos",2
"Parma, Juan de ","La Gruta",1
"Parra Toro, Libardo","Panida",5
"Parville, Henry de","Alpha",1
"París, Gonzalo","Cultura",2
"París, Luis","Lectura Amena",1
"Pascal, Blaise","El Repertorio. Revista Mensual Ilustrada",1
"Pastor Ríos, Justo","Lectura Amena",1
"Peláez, Anatolio","El Montañés",1
"Peláez, Aurelio","Alpha",1
"Peláez, Fidel","Revista Literaria. Publicación Mensual",1
"Pereira Gamba, Fortunato","Revista Contemporánea",2
"Pereira Gamba, Fortunato","Revista Moderna. (Enciclopedia colombiana)",1
"Pereira Gamba, Próspero","Revista Literaria. Publicación Mensual",16
"Perrier, Joseph-Luis","Revista Moderna. (Enciclopedia colombiana)",1
"Peña, Pedro A.","Trofeos",1
"Pichardo S., Manuel","Alpha",1
"Picón Febrés, Gonzalo ","Revista Literaria. Publicación Mensual",1
"Pillo, C.","El Montañés",1
"Pilon, Edmond","Trofeos",1
"Pinto, Eliseo","La Gruta",1
"Pinxit, Ch. Gill","Revista Moderna. (Enciclopedia colombiana)",1
"Pizano, Marco A.","Revista Literaria. Publicación Mensual",1
"Pizarro, Alejandro","Revista Literaria. Publicación Mensual",3
"Platón","El Repertorio. Revista Mensual Ilustrada",1
"Poe, Edgar Allan","Alpha",1
"Poe, Edgar Allan","Lectura Amena",1
"Poe, Edgar Allan","Panida",1
"Pombo, Lino de","Revista Moderna. (Enciclopedia colombiana)",1
"Pombo, Rafael","La Gruta",1
"Pombo, Rafael","Lectura Amena",3
"Pombo, Rafael","Revista Literaria. Publicación Mensual",5
"Porcar y Tió, Manuel","Revista Literaria. Publicación Mensual",1
"Porras, José Ángel","Revista Literaria. Publicación Mensual",3
"Posada Arango, Andrés","Alpha",2
"Posada Arango, Andrés","El Montañés",1
"Posada Hernández, Antonio","El Repertorio. Revista Mensual Ilustrada",2
"Posada Hernández, Antonio","La Bohemia Alegre",3
"Posada, Adolfo","Cultura",2
"Posada, Eduardo","Revista Contemporánea",6
"Posada, Eduardo","Revista Literaria. Publicación Mensual",2
"Posada, Eduardo","Revista Moderna. (Enciclopedia colombiana)",1
"Posada, Eduardo","Trofeos",3
"Posada, Guillermo","La Gruta",1
"Posada, Guillermo","Lectura Amena",1
"Posada, Guillermo","Lectura y Arte",1
"Posada, Guillermo","Trofeos",4
"Prevost, Marcel","Cultura",1
"Prudhomme, Sully","Revista Contemporánea",1
"Prudhomme, Sully","Revista Literaria. Publicación Mensual",2
"Prudhomme, Sully","Revista Moderna. (Enciclopedia colombiana)",1
"Prudhomme, Sully","Trofeos",4
"Prutz, Robert","El Repertorio. Revista Mensual Ilustrada",1
"Préndez Murúa, Pedro Nolasco","Revista Literaria. Publicación Mensual",1
"Puga de Losada, Amalia","Revista Literaria. Publicación Mensual",1
"Pujol Martínez, Juan ","Revista Moderna. (Enciclopedia colombiana)",1
"Páez M., Julián","Revista Literaria. Publicación Mensual",1
"Pérez Monsalva, Santiago","Revista Contemporánea",2
"Pérez Nieva, Alfonso","Revista Literaria. Publicación Mensual",1
"Pérez Triana, Santiago","Alpha",2
"Pérez Triana, Santiago","El Montañés",1
"Pérez Triana, Santiago","Lectura y Arte",1
"Pérez Triana, Santiago","Revista Contemporánea",3
"Pérez Triana, Santiago","Revista Moderna. (Enciclopedia colombiana)",2
"Pérez Zúñiga, Juan","Lectura Amena",1
"Pérez Zúñiga, Juan","Lectura y Arte",1
"Pérez de Guzmán y Gallo, Juan","Revista Literaria. Publicación Mensual",2
"Pérez, A. J.","Revista Moderna. (Enciclopedia colombiana)",1
"Pérez, Enrique","Cultura",1
"Pérez, Felipe","Revista Literaria. Publicación Mensual",1
"Pérez, Gregorio","El Montañés",1
"Pérez, Rafael","El Montañés",1
"Pí y Margall, Francisco","Revista Literaria. Publicación Mensual",1
"Quevedo Álvarez, Tomás","La Bohemia Alegre",5
"Quevedo, Francisco de ","Revista Literaria. Publicación Mensual",1
"Quijano Torres, Antonio","La Gruta",1
"Quijano, Arturo","Cultura",1
"Quijano, Arturo","La Gruta",5
"Quijano, Arturo","Revista Moderna. (Enciclopedia colombiana)",1
"Quijano, Arturo A.","La Gruta",1
"RR.LL","Alpha",1
"Rabot, Charles","Revista Moderna. (Enciclopedia colombiana)",1
"Rachilde","Alpha",1
"Ramos Ruiz, Gonzalo","Revista Literaria. Publicación Mensual",1
"Ramos Urdaneta, Alfredo","Revista Moderna. (Enciclopedia colombiana)",6
"Ramos, José Luis","Alpha",1
"Ramírez G., Enrique","Lectura y Arte",2
"Ramírez, Clodomiro","Alpha",1
"Ramírez, Clodomiro","Cultura",1
"Rasch Isla, Miguel","Cultura",4
"Rasch Isla, Miguel","Revista Moderna. (Enciclopedia colombiana)",1
"Remouchamps, Victor","Panida",1
"Rendón, Francisco de Paula","Alpha",2
"Rendón, Francisco de Paula","Lectura y Arte",1
"Rendón, Ricardo","Cultura",1
"Rendón, Ricardo","Panida",19
"Restrepo Briceño, Fernando","Alpha",1
"Restrepo E., José Vicente ","El Montañés",1
"Restrepo Euse, Álvaro","Alpha",3
"Restrepo Gómez, Francisco","La Gruta",1
"Restrepo Gómez, Francisco","Revista Moderna. (Enciclopedia colombiana)",2
"Restrepo Jaramillo, José Luis ","Panida",1
"Restrepo Maya, José María","Revista Literaria. Publicación Mensual",3
"Restrepo Olarte, Jesús","Panida",5
"Restrepo Restrepo, Antonio María","Alpha",4
"Restrepo Restrepo, Antonio María","El Repertorio. Revista Mensual Ilustrada",3
"Restrepo Restrepo, Antonio María","La Bohemia Alegre",6
"Restrepo Restrepo, Antonio María","Lectura Amena",18
"Restrepo Restrepo, Antonio María","Lectura y Arte",1
"Restrepo Restrepo, Antonio María","Panida",2
"Restrepo Restrepo, Carlos Eugenio","Alpha",4
"Restrepo Restrepo, Carlos Eugenio","Cultura",2
"Restrepo Restrepo, Carlos Eugenio","El Montañés",3
"Restrepo Restrepo, Carlos Eugenio","El Repertorio. Revista Mensual Ilustrada",2
"Restrepo Restrepo, Carlos Eugenio","La Bohemia Alegre",1
"Restrepo Restrepo, Carlos Eugenio","Lectura y Arte",3
"Restrepo Rivera, J.","Alpha",2
"Restrepo Rivera, Jesús","Panida",3
"Restrepo Rivera, José","Cultura",6
"Restrepo Sáenz, José María","Revista Moderna. (Enciclopedia colombiana)",1
"Restrepo Tirado, Ernesto","Revista Literaria. Publicación Mensual",15
"Restrepo Tirado, Ernesto","Revista Moderna. (Enciclopedia colombiana)",4
"Restrepo Vélez, José Manuel","Revista Literaria. Publicación Mensual",2
"Restrepo, Antonio José","Alpha",4
"Restrepo, José Manuel","Revista Literaria. Publicación Mensual",9
"Restrepo, José Manuel","Revista Moderna. (Enciclopedia colombiana)",1
"Restrepo, José María","El Montañés",2
"Restrepo, Juan de Dios","El Repertorio. Revista Mensual Ilustrada",2
"Restrepo, Lisandro","El Repertorio. Revista Mensual Ilustrada",1
"Restrepo, Lisandro","La Bohemia Alegre",1
"Restrepo, Lucio A.","El Montañés",5
"Restrepo, Paulo Emilio","El Montañés",1
"Restrepo, Paulo Emilio","El Repertorio. Revista Mensual Ilustrada",2
"Restrepo, Saturnino","Alpha",33
"Restrepo, Saturnino","El Montañés",6
"Restrepo, Saturnino","El Repertorio. Revista Mensual Ilustrada",3
"Restrepo, Saturnino","La Bohemia Alegre",9
"Restrepo, Saturnino","Lectura Amena",2
"Restrepo, Saturnino","Lectura y Arte",4
"Restrepo, Saturnino","Revista Contemporánea",1
"Restrepo, Saturnino","Trofeos",1
"Restrepo, Vicente","Revista Literaria. Publicación Mensual",17
"Retté, Adolphe","Trofeos",1
"Riche, Iván","Lectura Amena",1
"Rios de Lamperez, Blanca de los","Lectura Amena",1
"Rivas Frade, Federico","La Gruta",8
"Rivas Frade, Federico","Revista Literaria. Publicación Mensual",2
"Rivas Groot, Evaristo","Revista Moderna. (Enciclopedia colombiana)",1
"Rivas Groot, José María","Revista Literaria. Publicación Mensual",3
"Rivas Groot, José María","Revista Moderna. (Enciclopedia colombiana)",1
"Rivas, Medardo","Revista Literaria. Publicación Mensual",4
"Rivas, Raimundo","Cultura",22
"Rivera y Garrido, Luciano","Revista Literaria. Publicación Mensual",4
"Rivera, José Eustasio","Cultura",2
"Robledo J., Alfonso","Lectura Amena",1
"Robledo Villa, Alonso","Lectura y Arte",1
"Robledo, Emilio","El Montañés",3
"Robledo, Eusebio","Alpha",1
"Robledo, Eusebio","El Repertorio. Revista Mensual Ilustrada",4
"Robledo, Eusebio","Lectura Amena",3
"Robledo, Eusebio","Lectura y Arte",2
"Robledo, Eusebio","Revista Moderna. (Enciclopedia colombiana)",1
"Robledo, Jorge Samuel ","Lectura Amena",2
"Rocha, Joaquín","Revista Literaria. Publicación Mensual",1
"Rochefort, Henri","Lectura Amena",2
"Rodríguez G., Sixto","Revista Literaria. Publicación Mensual",1
"Rodríguez Moya, Francisco","Alpha",1
"Rodríguez Moya, Francisco","Lectura Amena",4
"Rodríguez O., Eugenio","Revista Contemporánea",2
"Rodríguez Rendueles, M.","Panida",1
"Rodríguez Zapata, Francisco","Revista Literaria. Publicación Mensual",1
"Rodríguez, Alfredo J.","El Montañés",1
"Rodríguez, Horacio Marino","El Montañés",28
"Rodríguez, Horacio Marino","El Repertorio. Revista Mensual Ilustrada",95
"Rodríguez, Melitón","El Montañés",4
"Rodríguez, Melitón","Lectura y Arte",1
"Rodó, José Enrique","Panida",1
"Rodó, José Enrique","Revista Moderna. (Enciclopedia colombiana)",1
"Rojas, Julio A.","Revista Contemporánea",1
"Rollinat, Maurice ","Alpha",1
"Romero A., Ángel María","Revista Literaria. Publicación Mensual",3
"Romero P., Carlos","Revista Literaria. Publicación Mensual",1
"Rosa, Leopoldo de la ","Trofeos",1
"Rosales, Carlos N.","Cultura",1
"Rosales, Carlos N.","Revista Moderna. (Enciclopedia colombiana)",1
"Rosas, Gabriel","Revista Literaria. Publicación Mensual",1
"Rossel, Juan C.","Revista Literaria. Publicación Mensual",1
"Roure, José de","Lectura Amena",1
"Roux, Hugo Le","Revista Moderna. (Enciclopedia colombiana)",1
"Rozo Martínez, Darío","La Gruta",1
"Rubió y Ors, Joaquín","Revista Literaria. Publicación Mensual",1
"Rueda Vargas, Tomás","Cultura",4
"Rueda, Salvador","El Repertorio. Revista Mensual Ilustrada",1
"Rueda, Salvador","Lectura y Arte",1
"Rusiñol, Santiago","Lectura Amena",1
"Rusiñol, Santiago","Panida",1
"Ruíz, Dael","Revista Moderna. (Enciclopedia colombiana)",12
"Régnier, Henri de","Trofeos",1
"Rémy, François","La Gruta",4
"Saavedra Galindo, José Manuel","La Gruta",1
"Saavedra Molina, Julio","Revista Moderna. (Enciclopedia colombiana)",1
"Saavedra, Ángel de","El Repertorio. Revista Mensual Ilustrada",1
"Sacher-Masoch, Leopold von","Revista Literaria. Publicación Mensual",1
"Sacher-Masoch, Leopold von ","Revista Literaria. Publicación Mensual",1
"Saco, Eduardo","Revista Literaria. Publicación Mensual",1
"Saco, José Antonio","Revista Moderna. (Enciclopedia colombiana)",1
"Saint-Victor, Paul de","El Repertorio. Revista Mensual Ilustrada",1
"Saint-Victor, Paul de","Revista Moderna. (Enciclopedia colombiana)",1
"Salamanca Torres, Demetrio","Revista Moderna. (Enciclopedia colombiana)",1
"Salazar H. Jerónimo","El Montañés",1
"Salazar Álvarez, José María","Lectura y Arte",1
"Salduba","Lectura Amena",1
"Samper de Ancízar, Agripina","Revista Literaria. Publicación Mensual",1
"Samper, Emilio","Revista Contemporánea",2
"Samper, José María ","Revista Literaria. Publicación Mensual",1
"Samper, Miguel","Revista Moderna. (Enciclopedia colombiana)",1
"Sanchéz de Iriarte, Alberto","Cultura",1
"Sant Pinxit","Revista Moderna. (Enciclopedia colombiana)",1
"Santa María Vermersch, R.","Trofeos",1
"Santa María, Andrés de","Lectura y Arte",1
"Santamaría, Nepomuceno","Revista Contemporánea",1
"Santos, Eduardo","Cultura",2
"Santos, Gustavo","Cultura",12
"Sanín Cano, Baldomero","Alpha",1
"Sanín Cano, Baldomero","La Gruta",3
"Sanín Cano, Baldomero","Lectura y Arte",1
"Sanín Cano, Baldomero","Revista Contemporánea",32
"Sanín Cano, Baldomero","Revista Literaria. Publicación Mensual",3
"Sanín Cano, Baldomero","Trofeos",6
"Saravia, Hermógenes","Revista Literaria. Publicación Mensual",1
"Savage, Richard Henry","Revista Moderna. (Enciclopedia colombiana)",6
"Saíz, José María","Revista Moderna. (Enciclopedia colombiana)",1
"Sbarbi y Osuna, José María","El Repertorio. Revista Mensual Ilustrada",1
"Scarpetta, Oswaldo","La Gruta",1
"Schafi, Mirza","Revista Contemporánea",1
"Schiller, Friedrich","Alpha",1
"Schopenhauer, Arthur","Lectura y Arte",1
"Schopenhauer, Arthur","Panida",1
"Schwob, L.","Revista Moderna. (Enciclopedia colombiana)",1
"Schwob, Marcel","Revista Contemporánea",8
"Scribe, Eugène","Revista Literaria. Publicación Mensual",1
"Segovia, L.","Revista Moderna. (Enciclopedia colombiana)",1
"Serao, Matilde","Revista Moderna. (Enciclopedia colombiana)",2
"Sevilla, Rafael","Revista Moderna. (Enciclopedia colombiana)",1
"Shakespeare, William","El Repertorio. Revista Mensual Ilustrada",1
"Shakespeare, William","Revista Literaria. Publicación Mensual",1
"Sienkiewicz, Henryk","Lectura Amena",1
"Sierra, Justo","Lectura Amena",1
"Siles, José de","Revista Literaria. Publicación Mensual",2
"Silva Cruz, Carlos","Revista Moderna. (Enciclopedia colombiana)",1
"Silva Vidal, Ismael","Revista Moderna. (Enciclopedia colombiana)",1
"Silva, Clímaco","Revista Moderna. (Enciclopedia colombiana)",1
"Silva, José Asunción","Cultura",1
"Silva, José Asunción","Lectura Amena",11
"Silva, José Asunción","Panida",1
"Silva, José Asunción","Revista Literaria. Publicación Mensual",2
"Silva, José Asunción","Revista Moderna. (Enciclopedia colombiana)",1
"Silvela, Francisco","Revista Literaria. Publicación Mensual",1
"Silvestre, Armand","Lectura y Arte",1
"Silvestre, Armand","Panida",1
"Sinués de Marco, María del Pilar","Revista Literaria. Publicación Mensual",1
"Solano Patiño, José","Alpha",1
"Solano Patiño, José","Lectura Amena",2
"Solano Patiño, José","Lectura y Arte",1
"Solano, Armando","Cultura",1
"Soriano y Barroeta-Aldamar, Rodrigo","Revista Literaria. Publicación Mensual",2
"Soto Borda, Clímaco","Alpha",2
"Soto Borda, Clímaco","La Gruta",2
"Soto Borda, Clímaco","Lectura Amena",3
"Soto Borda, Clímaco","Lectura y Arte",2
"Soto Borda, Clímaco","Revista Moderna. (Enciclopedia colombiana)",1
"Soto, Aquilino","Alpha",1
"Sousa, Lope de","El Repertorio. Revista Mensual Ilustrada",1
"Stecchetti, Lorenzo","Lectura Amena",1
"Suarès, André ","Panida",1
"Suárez, Roberto","Revista Literaria. Publicación Mensual",2
"Sánchez, Alberto","Alpha",4
"Sánchez, Alberto","Cultura",5
"Sánchez, Alberto","La Gruta",5
"Sánchez, Alberto","Revista Contemporánea",5
"Sánchez, Alberto","Revista Moderna. (Enciclopedia colombiana)",1
"Sánchez, Alberto","Trofeos",4
"Ségur, Eugène de","El Repertorio. Revista Mensual Ilustrada",1
"Tablada, José Juan","Lectura Amena",2
"Taboada, Luis","Revista Literaria. Publicación Mensual",3
"Tagore, Rabindranath","Cultura",8
"Talero Núñez, Eduardo","Lectura Amena",1
"Talleyrand, Charles Maurice de ","Revista Literaria. Publicación Mensual",1
"Tamayo, Carlos","La Gruta",1
"Taunay, Vizconde de","Lectura Amena",1
"Taunay, Vizconde de ","Revista Contemporánea",1
"Tavera C., Rafael","Cultura",1
"Tejada Córdoba, Benjamín","Lectura Amena",10
"Tejada Córdoba, Benjamín","Lectura y Arte",1
"Tejada, Temístocles","Revista Literaria. Publicación Mensual",1
"Tejera, Felipe","Revista Literaria. Publicación Mensual",1
"Tennyson, Alfred","Lectura y Arte",1
"Terán, Luis María","La Gruta",1
"Teócrito","Cultura",1
"Thein, Max","El Montañés",2
"Tinseau, Léon de","Revista Literaria. Publicación Mensual",1
"Tirado Macías, Ricardo","Revista Contemporánea",1
"Tobar, Alfonso","Revista Literaria. Publicación Mensual",1
"Tobón Mejía, Marco","El Montañés",7
"Tobón Mejía, Marco","Lectura y Arte",50
"Toché, Raoul ","Revista Literaria. Publicación Mensual",1
"Tolstói, Lev Nikoláievich","Lectura Amena",1
"Tolstói, Lev Nikoláievich","Revista Literaria. Publicación Mensual",2
"Torres Durán, Carlos","Cultura",1
"Torres Méndez, Ramón","Cultura",1
"Torres Pinzón, Carlos A.","Cultura",6
"Torres Umaña, Calixto","Cultura",2
"Torres, Carlos Arturo","La Gruta",1
"Torres, Carlos Arturo","Revista Literaria. Publicación Mensual",1
"Torres, Carlos Arturo","Trofeos",2
"Toudouze, Georges-Gustave ","Revista Contemporánea",1
"Trespalacios, Jesús María","La Bohemia Alegre",1
"Triana, Miguel","Alpha",2
"Triana, Miguel","Cultura",1
"Triana, Miguel","El Repertorio. Revista Mensual Ilustrada",2
"Turgenev, Ivan","El Repertorio. Revista Mensual Ilustrada",1
"Turgenev, Ivan","Panida",1
"Twain, Marc ","Lectura y Arte",1
"Ugarte, Manuel","Lectura Amena",2
"Unamuno, Miguel de","Alpha",1
"Unamuno, Miguel de","Lectura Amena",1
"Urdaneta Ramos, Alfredo","Revista Moderna. (Enciclopedia colombiana)",1
"Urdaneta, Alberto","Cultura",1
"Uribe Arango, Marcelino","Cultura",1
"Uribe Gómez, Pedro","Alpha",4
"Uribe Holguín, Guillermo","Revista Contemporánea",1
"Uribe Holguín, Guillermo","Trofeos",1
"Uribe Mejía, Francisco Antonio","Lectura Amena",1
"Uribe Uribe, Rafael","Lectura Amena",1
"Uribe Ángel, Manuel","Alpha",1
"Uribe Ángel, Manuel","El Montañés",2
"Uribe Ángel, Manuel","El Repertorio. Revista Mensual Ilustrada",1
"Uribe Ángel, Manuel","Revista Literaria. Publicación Mensual",10
"Uribe Ángel, Manuel","Revista Moderna. (Enciclopedia colombiana)",1
"Uribe, Basiliso","Alpha",1
"Uribe, Diego","Alpha",1
"Uribe, Diego","La Gruta",2
"Uribe, Diego","Revista Contemporánea",1
"Uribe, Diego","Revista Literaria. Publicación Mensual",1
"Uribe, Diego","Revista Moderna. (Enciclopedia colombiana)",1
"Uribe, Diego","Trofeos",4
"Uribe, Gustavo","Lectura Amena",1
"Uribe, Joaquín Antonio","Alpha",2
"Uribe, Martín","Lectura Amena",1
"Urrecha, Federico","Lectura Amena",1
"Urrutia, Francisco José","Cultura",1
"Urrutia, Francisco José","Revista Moderna. (Enciclopedia colombiana)",2
"Vaca, Vicente","Revista Literaria. Publicación Mensual",2
"Valcarce García, Javier","Alpha",1
"Valderrama, Felipe","Trofeos",10
"Valencia, Francisco","La Gruta",7
"Valencia, Francisco","Lectura Amena",3
"Valencia, Francisco","Revista Contemporánea",6
"Valencia, Francisco","Trofeos",4
"Valencia, Guillermo","Lectura Amena",3
"Valencia, Guillermo","Panida",1
"Valencia, Guillermo","Revista Contemporánea",2
"Valencia, Miguel Santiago","Cultura",4
"Valenzuela, Eduardo","Revista Moderna. (Enciclopedia colombiana)",1
"Valenzuela, Teodoro","Revista Literaria. Publicación Mensual",1
"Valle-Inclán, Ramón del","Lectura Amena",2
"Valle-Inclán, Ramón del","Panida",1
"Vallés, L.","Alpha",1
"Vargas Tamayo, Roberto","La Gruta",3
"Vargas Vila, José María","Lectura Amena",1
"Vargas Vila, José María","Panida",1
"Vargas, Justo","Alpha",1
"Varigny, Charles Victor Crosnier","Revista Literaria. Publicación Mensual",1
"Vasco, Eduardo","Panida",7
"Vega, Alejandro","La Gruta",6
"Velilla Yepes, Samuel","Lectura y Arte",1
"Velásquez Botero, Samuel","El Montañés",6
"Velásquez Botero, Samuel","Lectura y Arte",1
"Velásquez Botero, Samuel","Trofeos",1
"Velásquez García, José","Alpha",5
"Velásquez García, José","El Repertorio. Revista Mensual Ilustrada",6
"Velásquez García, José","La Bohemia Alegre",9
"Velásquez García, José","Lectura Amena",10
"Velásquez García, José","Lectura y Arte",2
"Velásquez García, José","Revista Contemporánea",1
"Velásquez, Edmundo","Alpha",3
"Velásquez, Edmundo","Trofeos",1
"Velázquez, Alejandro","Lectura Amena",1
"Verbrugghe, George","Revista Literaria. Publicación Mensual",2
"Verbrugghe, Louis Emile","Revista Literaria. Publicación Mensual",2
"Vergara y Vergara, José María","Revista Moderna. (Enciclopedia colombiana)",1
"Verhaeren, Émile","Revista Moderna. (Enciclopedia colombiana)",1
"Vermersch, R. Santa María","Trofeos",3
"Vidal Pacheco, Gonzalo","El Repertorio. Revista Mensual Ilustrada",3
"Vidal Pacheco, Gonzalo","La Bohemia Alegre",1
"Vidal, Enrique","Lectura y Arte",3
"Vidal, Gonzalo","El Montañés",3
"Vidal, Gonzalo","Lectura y Arte",2
"Vila, Pablo","Cultura",2
"Vilgio, Leo","Lectura y Arte",1
"Villa Carrasquilla, Jorge","Panida",6
"Villa López, Francisco","Panida",3
"Villa Vélez, Eduardo","Revista Literaria. Publicación Mensual",2
"Villaespesa, Francisco","Panida",2
"Villafañe, Carlos","La Gruta",6
"Villafañe, Carlos","Trofeos",3
"Villamartín, Isabel de","Revista Literaria. Publicación Mensual",1
"Villegas Arango, Alfonso","Lectura Amena",1
"Villegas, Aquilino","Alpha",2
"Villegas, Aquilino","Lectura Amena",2
"Villegas, Aquilino","Lectura y Arte",1
"Villegas, Aquilino","Panida",1
"Villegas, Luis Eduardo","Alpha",3
"Villegas, Luis Eduardo","Lectura Amena",1
"Villegas, Luis Eduardo","Revista Contemporánea",1
"Villegas, Marco A. ","La Gruta",1
"Villiers de L'Isle-Adam, Auguste de","Alpha",2
"Visan, Tancrède de ","Panida",1
"Vives, Luis","Alpha",4
"Vives, Luis","Lectura Amena",1
"Vásquez Barreneche, Alejandro ","Lectura Amena",1
"Vásquez Guarda, Efraím","Revista Literaria. Publicación Mensual",1
"Vásquez, Honorato","Revista Literaria. Publicación Mensual",1
"Vásquez, Juan de Dios","El Montañés",2
"Vásquez, Juan de Dios","El Repertorio. Revista Mensual Ilustrada",1
"Vásquez, Juan de Dios","La Bohemia Alegre",1
"Vásquez, Juan de Dios","Lectura y Arte",1
"Vélez Barrientos, Lucrecio","Alpha",12
"Vélez Barrientos, Lucrecio","El Repertorio. Revista Mensual Ilustrada",1
"Vélez Barrientos, Lucrecio","La Bohemia Alegre",1
"Vélez, Bonifacio","Alpha",1
"Vélez, Bonifacio","El Montañés",2
"Vélez, Bonifacio","Lectura Amena",2
"Vélez, Salvador","Lectura Amena",3
"Vélez, Victoriano","Alpha",3
"Vélez, Victoriano","El Montañés",3
"Vélez, Victoriano","Lectura Amena",2
"Wadsworth Longfellow, Henry","Revista Literaria. Publicación Mensual",2
"Wilde, Oscar","Alpha",1
"Wilde, Oscar","Panida",2
"Wilde, Oscar","Trofeos",3
"Wilson, Woodrow","Cultura",1
"Wolff, Pierre","El Repertorio. Revista Mensual Ilustrada",1
"Wyzewa, Teodor de","Lectura Amena",1
"Wyzewa, Teodor de","Revista Literaria. Publicación Mensual",1
"Xanrof, León","Trofeos",1
"Yepes, Joaquín E.","El Repertorio. Revista Mensual Ilustrada",5
"Yver, Colette","Revista Moderna. (Enciclopedia colombiana)",1
"Z y Z.","Lectura Amena",1
"Zaavedra Zárate, César","La Gruta",2
"Zamacois, Eduardo","Revista Moderna. (Enciclopedia colombiana)",1
"Zapata A., José J.","Lectura Amena",1
"Zapata, Felipe","Revista Moderna. (Enciclopedia colombiana)",1
"Zola, Émile","Lectura Amena",1
"Zola, Émile","Revista Literaria. Publicación Mensual",1
"Zuleta Gaviria, Eduardo","El Montañés",1
"Zuleta Gaviria, Eduardo","El Repertorio. Revista Mensual Ilustrada",1
"Zuleta Gaviria, Eduardo","Lectura y Arte",1
"Zuleta Gaviria, Eduardo","Revista Literaria. Publicación Mensual",1
"Zuleta, Juan A.","Revista Literaria. Publicación Mensual",2
"Zuleta, Luis de","Cultura",3
"Álvarez Bonilla, Enrique","Revista Literaria. Publicación Mensual",1
"Álvarez Lleras, Antonio","Cultura",5
"Álvarez Quintero, Joaquín","Lectura y Arte",1
"Álvarez Quintero, Serafín","Lectura y Arte",1
