"id","n","type"
"Alma Española",210,"magazine"
"Alpha",131,"magazine"
"Arte Joven",44,"magazine"
"CULTURA",103,"magazine"
"El Montañés",69,"magazine"
"El Nuevo Mercurio",157,"magazine"
"El Repertorio. Revista Mensual Ilustrada",78,"magazine"
"Gente Vieja",452,"magazine"
"Germinal",269,"magazine"
"Helios",96,"magazine"
"Instantáneas",95,"magazine"
"La Bibliotéca",115,"magazine"
"La Bohemia Alegre",33,"magazine"
"La Gruta",82,"magazine"
"La Habana Literaria",50,"magazine"
"La Vida Literaria",207,"magazine"
"Lectura Amena",150,"magazine"
"Lectura y Arte",83,"magazine"
"Luz",113,"magazine"
"Luz i Sombra",146,"magazine"
"Panida",68,"magazine"
"Renacimiento",59,"magazine"
"Revista Azul",369,"magazine"
"Revista Contemporánea",66,"magazine"
"Revista Literaria. Publicación Mensual",226,"magazine"
"Revista Moderna. (Enciclopedia colombiana)",133,"magazine"
"Revista Nueva Spain",96,"magazine"
"Trofeos",93,"magazine"
"Vida Nueva",124,"magazine"
NA,1,"magazine"
"A. C.",5,"person"
"A. I. de R.",1,"person"
"Abarzuza, Francisco de",1,"person"
"Abayá, Francisco",1,"person"
"Abel, Edmundo",5,"person"
"Abella-Nouvrac, L.",1,"person"
"Abella Mendoza, Temístocles",8,"person"
"Aben-Hamet",1,"person"
"Acebal, Francisco",20,"person"
"Acevedo Bernal, Ricardo",3,"person"
"Acevedo, Graciliano",1,"person"
"Acevedo, Jesús",1,"person"
"Acosta de Samper, Soledad",3,"person"
"Acosta, Javier",16,"person"
"Acosta, Vicente",13,"person"
"Acuña, Rodrigo de",2,"person"
"Adam, Paul",5,"person"
"Adlaer, M.",1,"person"
"Afán de Ribera, Antonio Joaquín",59,"person"
"Ageo",2,"person"
"Aguilera y Arjona, Alberto",2,"person"
"Aguilera y Velasco, Alberto",2,"person"
"Aguirre M., R.",1,"person"
"Agurto M., Luis A.",2,"person"
"Al-Ashjai",1,"person"
"Aladern, Joseph",1,"person"
"Alameda, Federico",1,"person"
"Alarcón, Pedro Antonio de",6,"person"
"Alas, Genaro",8,"person"
"Alas, Leopoldo",12,"person"
"Alba, E.",1,"person"
"Alba, Rafael de",2,"person"
"Albani, Francesco",1,"person"
"Alberdi, Juan Bautista",1,"person"
"Albert Paradis, Caterina",1,"person"
"Alberti, José Ignacio de",1,"person"
"Albornoz, Álvaro de",7,"person"
"Alcaide de Zafra, Joaquín",2,"person"
"Alcalá Galiano, José",2,"person"
"Alcántara Jurado, Fracisco",1,"person"
"Aldao, Carlos A.",1,"person"
"Aldi, Pietro",1,"person"
"Aleñá, Juan",1,"person"
"Allais, Alphonse",3,"person"
"Alma-Tadema, Lawrence",1,"person"
"Almagro San Martín, Melchor",1,"person"
"Almendros Aguilar, Antonio",5,"person"
"Alomar, Gabriel",7,"person"
"Alonso y Orera, Enrique",11,"person"
"Alonso, Lamberto",1,"person"
"Alsina, Adolfo",1,"person"
"Altada, Luis",3,"person"
"Altamira, Rafael",3,"person"
"Altamirano, Ignacio Manuel",2,"person"
"Altenberg, Peter",5,"person"
"Álvarez Armesto, Primitivo",1,"person"
"Álvarez Bonilla, Enrique",1,"person"
"Alvarez del Castillo, Manuel",1,"person"
"Álvarez Guerra, Juan",28,"person"
"Álvarez Lleras, Antonio",5,"person"
"Álvarez Quintero, Joaquín",9,"person"
"Álvarez Quintero, Serafín",9,"person"
"Álvarez Rul, J. B.",1,"person"
"Álvarez y González, Feliciano",1,"person"
"Alzate Noreña, Luis",5,"person"
"Amadis",4,"person"
"Amat, J.",1,"person"
"Ambrogi, Arturo",15,"person"
"Amicus",1,"person"
"Amor Meilan, Manuel",1,"person"
"Amorós y Vázquez de Figueroa, Juan Bautista",3,"person"
"Andrade Marín, Francisco",2,"person"
"Andrade, Olegario Víctor",1,"person"
"Andreu Aleu i Teixidor",1,"person"
"Andreve, Guillermo",1,"person"
"Angélico, Fra",1,"person"
"Anmeghian, P.",1,"person"
"Ansótegui, Francisco Tomás de",1,"person"
"Antommarchi de Rojas, Dorila",2,"person"
"Antón, Francisco",2,"person"
"Antúnez, Diego",4,"person"
"Aparicio, Alberto",6,"person"
"Appleton Clark, Walter",1,"person"
"Aquino, Miguel",4,"person"
"Araceli, Gabriel",1,"person"
"Aramburo y Machado, Mariano",1,"person"
"Aramis",1,"person"
"Arango M., Gabriel",1,"person"
"Arango Mejía, Gabriel",1,"person"
"Arango, Jorge Luis",1,"person"
"Arango, Juan B.",2,"person"
"Arata, Pedro Narciso",6,"person"
"Arboleda, Arturo",1,"person"
"Arbós y Góngora",1,"person"
"Arburu y Morell, José",1,"person"
"Arce, Julio César",5,"person"
"Arciniegas, Ismael Enrique",13,"person"
"Arco, Ángel del",1,"person"
"Arenal, Concepción",3,"person"
"Arène, Paul",3,"person"
"Argerich, Juan Antonio",2,"person"
"Arguedas Díaz, Alcides",1,"person"
"Argüelles Bringas, Gonzalo",1,"person"
"Argüelles Bringas, Roberto",1,"person"
"Argüello, Alberto L.",1,"person"
"Argüello, Santiago",1,"person"
"Arias Argáez, Daniel",1,"person"
"Arias Sánchez, Alberto",1,"person"
"Arlequín",8,"person"
"Armada y Losada, Juan de",1,"person"
"Armas, Augusto de",1,"person"
"Arnault, Antoine-Vincent",1,"person"
"Arniches, Carlos",1,"person"
"Arosa, Margarita",1,"person"
"Arriola de Bezoita, Jesús",1,"person"
"Arroquin, Carlos",1,"person"
"Arrowsmith, Aaron",1,"person"
"Arroyo Cáceres, B.",3,"person"
"Artola, J.",1,"person"
"Arzadún, Juan",4,"person"
"Asbjørnsen, Peter Christen",1,"person"
"Asensio Más, Ramón",4,"person"
"Asín Palacios, Miguel",1,"person"
"Attwell Ocantos, Carlos Raúl",4,"person"
"Avellaneda, Nicolás",24,"person"
"Avilés Rodríguez, Ángel",14,"person"
"Aybar, Manuel Eudoro",1,"person"
"Ayguals de Izco, Wenceslao",1,"person"
"Aza, Vital",3,"person"
"Azagra, Silverio M. de",1,"person"
"Azaña, Manuel",15,"person"
"Azcárate, G. De",1,"person"
"Azcárate, Gumersindo de",2,"person"
"Azcárraga y Palmero, Marcelo",1,"person"
"Azcárraga, Marcelo de",1,"person"
"B.",8,"person"
"B. G.",2,"person"
"B. y S.",1,"person"
"B., E.",1,"person"
"Bacon, Francis",2,"person"
"Baedeker",4,"person"
"Baeza, D.",1,"person"
"Baglieto, Mariano",2,"person"
"Bahr, Hermann",1,"person"
"Bakunin, Mikhail Aleksandrovich",1,"person"
"Balaciart, Daniel",29,"person"
"Balaguer i Cirera, Víctor",1,"person"
"Balart, Federico",42,"person"
"Balbín de Unquera, Antonio",46,"person"
"Ballester, J.",1,"person"
"Ballester, Roberto",1,"person"
"Ballesteros L., F.",1,"person"
"Balmaseda de González, Joaquina",2,"person"
"Balsa de la Vega, Rafael",1,"person"
"Balué, J. B.",3,"person"
"Balzac, Honoré de",1,"person"
"Bamburghen, Eulalia de",1,"person"
"Banda",3,"person"
"Banville, Théodore de",1,"person"
"Barahona Vega, Clemente",1,"person"
"Barán, A. L. de",10,"person"
"Barbey d'Aurevilly, Jules",1,"person"
"Barbier, Auguste",1,"person"
"Barbosa, Joaquín",1,"person"
"Barco, Ramón",1,"person"
"Bargiela, Camilo",10,"person"
"Barinaga, Pedro de",1,"person"
"Bark, Ernesto",34,"person"
"Baroja, Pío",19,"person"
"Baroja, Ricardo",16,"person"
"Barón, Felipe",2,"person"
"Barra, Eduardo de la",2,"person"
"Barrantes, Pedro",2,"person"
"Barrat, E.",2,"person"
"Barreda, Octavio",4,"person"
"Barrera, Luis G.",2,"person"
"Barrés, Maurice",1,"person"
"Barrès, Maurice",4,"person"
"Barreto, José María",1,"person"
"Barriga Paez, J.",1,"person"
"Barriobero y Herrán, Eduardo",1,"person"
"Barros Méndez, Luis",1,"person"
"Barroso, Manuel M.",1,"person"
"Barthe, Luis",3,"person"
"Bartrina, Joaquín María",4,"person"
"Barzini, Luigi",1,"person"
"Bascaran, José de",1,"person"
"Batlle y Ordóñez, José",1,"person"
"Batlle, Carlos de",1,"person"
"Bauda, A.",2,"person"
"Baudelaire, Charles",8,"person"
"Bautista  Castro, Juan",1,"person"
"Bayaba, Elías",1,"person"
"Bayona Posada, Jorge",3,"person"
"Bazin, René",1,"person"
"Beaunier, André",1,"person"
"Bebel, August",1,"person"
"Beccar Varela, Horacio",1,"person"
"Becerra, Ricardo",1,"person"
"Becon, Juan de",1,"person"
"Becque, Henry",1,"person"
"Bécquer, Gustavo Adolfo",3,"person"
"Bedout, C. de",1,"person"
"Beker, Abu",3,"person"
"Bel, León",3,"person"
"Beláustegui, Luis",1,"person"
"Belenguer",1,"person"
"Bellaigue, Camile",1,"person"
"Bellaigue, Camille",1,"person"
"Bellery-Desfontaines, Henri",1,"person"
"Bello, Andrés",1,"person"
"Bello, Luis",1,"person"
"Bellver, Alfredo",1,"person"
"Belmonte, María del",1,"person"
"Bélot, Adolphe",1,"person"
"Benavente, Jacinto",30,"person"
"Benedito, Manuel",1,"person"
"Bengoa, José María",3,"person"
"Bengoechea, Alfredo de",1,"person"
"Benítez, Cecilio",1,"person"
"Benlliure, Manuel",1,"person"
"Benlliure, Mariano",3,"person"
"Benot, Eduardo",3,"person"
"Beránger, José María",1,"person"
"Béranger, Pierre-Jean de",3,"person"
"Béraud, Jean",1,"person"
"Berchtold, Josef",1,"person"
"Bergerat, Émile",1,"person"
"Berisso, Luis",1,"person"
"Berlioz",1,"person"
"Bermúdez de Castro, Salvador",1,"person"
"Bernal, Luis",1,"person"
"Bernaldo de Quirós, Constancio",3,"person"
"Bernard, Tristán",1,"person"
"Bernewitz, Carl Hans",1,"person"
"Berrío París, Julio",1,"person"
"Berthélot, Marcellin",1,"person"
"Berthoud, Eugène",1,"person"
"Bertòla De' Giorgi, Aurelio",1,"person"
"Betancourt Villegas, Félix",6,"person"
"Betancourt, Pedro Pablo",1,"person"
"Bettelini, J. Luis",1,"person"
"Beuf, François-César",1,"person"
"Beyle, Henri",5,"person"
"Beyle, Pierre Marie",1,"person"
"Bher, Alejandro",40,"person"
"Bi-Caho-Ph",1,"person"
"Biart, Lucien",1,"person"
"Bidau, Eduardo L.",3,"person"
"Bilac, Olavo",1,"person"
"Bilbao, Gonzalo",1,"person"
"Billini, Miguel",1,"person"
"Binich",1,"person"
"Bissière, Roger",1,"person"
"Blaine, James G.",1,"person"
"Blanc, Charles",1,"person"
"Blanc, Louis",1,"person"
"Blanca, José María",3,"person"
"Blanco-Fombona, Rufino",9,"person"
"Blanco A., Arturo",1,"person"
"Blanco Asenjo, Ricardo",1,"person"
"Blanco Fombona, Rufino",10,"person"
"Blanco y Sánchez, Rufino",3,"person"
"Blanco, Héctor",1,"person"
"Blanco, Ramiro",1,"person"
"Blas, Ruy",8,"person"
"Blasco Ibáñez, Vicente",11,"person"
"Blasco, Eusebio",20,"person"
"Blest Gana, Guillermo",1,"person"
"Blouët, Léon Paul ",1,"person"
"Blowitz, Adolphe Opper de",2,"person"
"Bloy, Léon",1,"person"
"Boabdil",1,"person"
"Bobadilla, Emilio",13,"person"
"Bocquet, León",1,"person"
"Boex, Joseph-Henry-Honoré",1,"person"
"Boex, Séraphin-Justin-François",1,"person"
"Bohemia, Juan de",1,"person"
"Böhl de Faber y Ruiz de Larrea, Cecilia",1,"person"
"Boissier y Díaz, Carlos Alberto",1,"person"
"Boixet i Castells, Ezequiel",1,"person"
"Bolet Peraza, Nicanor",16,"person"
"Bolet, C. C.",1,"person"
"Bolívar, Rafael",2,"person"
"Bolívar, Simón",2,"person"
"Bonafoux y Quintero, Luis",6,"person"
"Bonaparte, Napoléon",1,"person"
"Bonefoie",9,"person"
"Bonilla, Manuel Antonio",2,"person"
"Bonis, J. M.",1,"person"
"Bonnard, Abel",1,"person"
"Bonnefon, Jean de",1,"person"
"Borda, Francisco de Paula",1,"person"
"Borda, José Joaquín",2,"person"
"Borgia, I. de",1,"person"
"Borglum, Solon Hannibal",4,"person"
"Bórquez Solar, Antonio",11,"person"
"Borras, Enrique",1,"person"
"Borrero Echeverría, Esteban",2,"person"
"Borrero, Juana",6,"person"
"Botero Guerra, Camilo",6,"person"
"Botero Ruiz, Juan José",3,"person"
"Botero, Manuel E.",3,"person"
"Botta, Anne C. Lynch",1,"person"
"Bouchaud, Pierre de",1,"person"
"Bouet, Carlos",1,"person"
"Bouret, Alonso",1,"person"
"Bourget, Paul",29,"person"
"Boza, Luis Roberto",3,"person"
"Bozo Valenzuela, Carlos",7,"person"
"Bozo Valenzuela, Julio",10,"person"
"Brandes, Georg",1,"person"
"Breen, M.",1,"person"
"Bremón, Leopoldo",6,"person"
"Brenes Mesén, Roberto",2,"person"
"Brescia, Domenico",1,"person"
"Bretón, T.",2,"person"
"Bretón, Tomás",1,"person"
"Briand, Aristide",1,"person"
"Briceño, Antonio S.",2,"person"
"Briceño, Manuel",2,"person"
"Brisay, Henry de",2,"person"
"Brooks, Adam",1,"person"
"Brulat, Paul",1,"person"
"Bryant, William Cullen",4,"person"
"Buen, Demófilo de",1,"person"
"Buenafé, F.",3,"person"
"Bueno, Manuel",11,"person"
"Bull Mich",1,"person"
"Bull, John",13,"person"
"Bulloes, Francisco",1,"person"
"Burell, Julio",3,"person"
"Burgos, Javier de",2,"person"
"Burns, Robert",1,"person"
"Bustillo, Eduardo",1,"person"
"Bustillos, José María",7,"person"
"Buxadé, José",1,"person"
"Byrne, Bonifacio",6,"person"
"Byron, George Gordon",2,"person"
"C.",5,"person"
"C. S. V.",2,"person"
"C. y B., F.",1,"person"
"Caamaño, Brígida M.",1,"person"
"Caballero, Lucas",1,"person"
"Caballero, Manuel",2,"person"
"Cabello de Carbonera, Mercedes",2,"person"
"Cabiedes, J.",1,"person"
"Cabrera y Cantó, Fernando",1,"person"
"Cabrera, Raimundo",3,"person"
"Cacho, José del",1,"person"
"Cadenas, José Juan",11,"person"
"Cagliostro",47,"person"
"Caicedo Rojas, José",5,"person"
"Cala, Ramón de",1,"person"
"Calandrelli, Matías",1,"person"
"Calatraveño y Valladares, Fernando",1,"person"
"Calatraveño, Fernando",1,"person"
"Calcáneo, Andrés J.",1,"person"
"Calcaño, Eduardo",2,"person"
"Calcaño, José Antonio",4,"person"
"Calcaño, Julio",4,"person"
"Calderai, Doctor",1,"person"
"Calderón de la Barca, Pedro",2,"person"
"Calderón y Arana, Alfredo",1,"person"
"Calderón, Luis Eduardo",1,"person"
"Calderouse",1,"person"
"Calleja y Sánchez, Julián",1,"person"
"Calpena y Ávila, Luis",1,"person"
"Calvo Revilla, Luis",1,"person"
"Calvo Rodríguez, Carmelo",13,"person"
"Calvo, Ricardo",1,"person"
"Calzada, Rafael",1,"person"
"Calzado, Adolfo",1,"person"
"Camacho",9,"person"
"Camacho Roldán, Salvador",2,"person"
"Camacho, Martín",1,"person"
"Camba, Julio",1,"person"
"Cambronero, Carlos",1,"person"
"Camões, Luís de",1,"person"
"Campo, Ángel de",84,"person"
"Campo, Carlos del",1,"person"
"Campoamor, Ramón de",22,"person"
"Camporredondo, Adolfo F.",1,"person"
"Campos Campaña, Francisco",1,"person"
"Campos Cervera, Herib",1,"person"
"Campos, Rubén M.",1,"person"
"Camps, Gabriel",1,"person"
"Canalejas y Méndez, José",2,"person"
"Canals, Ricard",3,"person"
"Canals, Salvador",1,"person"
"Canario, P.",1,"person"
"Cancio Tobón, Juan",1,"person"
"Cancio, Leopoldo",1,"person"
"Candamo, Bernardo G. de",22,"person"
"Cané, Miguel",34,"person"
"Canga Argüelles, José",2,"person"
"Canivell i Masbernat, Eudald",1,"person"
"Cano Gutiérrez, Fidel",19,"person"
"Cano Isaza, F.",1,"person"
"Cano Villegas, Gabriel",2,"person"
"Cano y Masas, Leopoldo",19,"person"
"Cano, Antonio José",18,"person"
"Cano, Carlos",14,"person"
"Cano, Francisco Antonio",63,"person"
"Cano, Luis",14,"person"
"Cánovas del Castillo, Antonio",2,"person"
"Cánovas y Vallejo, José",1,"person"
"Cansinos-Asséns, Rafael",4,"person"
"Cantillo, Liborio D.",1,"person"
"Cantó Vilaplana, Gonzalo",1,"person"
"Cañas, Juan José",1,"person"
"Capdepón Maseres, Mariano",29,"person"
"Capella, Francisco",2,"person"
"Capuana, Luigi",1,"person"
"Capus, Alfred",2,"person"
"Caramba",2,"person"
"Carbonell, Gonzalo",1,"person"
"Cárcano, Ramón José",5,"person"
"Carcody, Rafael",1,"person"
"Cardenas, Bernardino",1,"person"
"Cárdenas, José de",1,"person"
"Carducci, Giosuè",12,"person"
"Carlo, Juan B.",4,"person"
"Carlota",1,"person"
"Carlyle, Thomas",2,"person"
"Carmena y Millán, Luis",1,"person"
"Carner, Josep",8,"person"
"Caro, José Eusebio",16,"person"
"Caro, Luis Alejandro",1,"person"
"Caro, Miguel Antonio",14,"person"
"Caro, Víctor Eduardo",1,"person"
"Carranza, Adolfo Pedro",1,"person"
"Carranza, N. de",1,"person"
"Carrasquilla L., Juan de Dios",4,"person"
"Carrasquilla, Ricardo",1,"person"
"Carrasquilla, Tomás",21,"person"
"Carreño, Pedro M.",1,"person"
"Carrera, Enrique",1,"person"
"Carrere Moreno, Emilio",1,"person"
"Carrere, Jean",1,"person"
"Carretero, J.",1,"person"
"Carretero, Manuel",11,"person"
"Carretero, Tomás",2,"person"
"Carricarte, Arturo R. de",2,"person"
"Carriego, Evaristo",2,"person"
"Carrier-Belleuse, Albert-Ernest",1,"person"
"Carrière, Eugène",1,"person"
"Carrillo, Adolfo",1,"person"
"Carrillo, E. G.",1,"person"
"Carrillo, Enrique A.",5,"person"
"Cartílago",2,"person"
"Cartulino",1,"person"
"Carvajal Borrero, Mario",16,"person"
"Carvajal, Alberto",4,"person"
"Carvajal, M.A.",10,"person"
"Carvajal, Manuel A.",2,"person"
"Carvajal, Manuel Antonio",16,"person"
"Carvalho, Elysio de",1,"person"
"Carvallo, Ramón Liborio",1,"person"
"Casado, M.",1,"person"
"Casal, Julián del",24,"person"
"Casañal Shakery, Alberto",2,"person"
"Casas Castañeda, José Joaquín",4,"person"
"Casas Castañeda, Vicente",1,"person"
"Casas, Elisa",4,"person"
"Casas, Ramón",1,"person"
"Casellas, Raimón",1,"person"
"Casenave, José de",1,"person"
"Caspe y Rodríguez, Antonio",2,"person"
"Cassá, Eduardo",1,"person"
"Castelar, Emilio",9,"person"
"Castell, Ángel María",1,"person"
"Castello, Carlos",4,"person"
"Castello, Manuel",1,"person"
"Castelnuovo, Enrico",3,"person"
"Castilla Baena, Clodomiro",1,"person"
"Castillo de González, Aurelia",4,"person"
"Castillo Ledón, Luis",1,"person"
"Castillo, Eduardo",6,"person"
"Castillo, Enrique del",2,"person"
"Castillón, J. A.",4,"person"
"Castro y Serrano, José de",1,"person"
"Castro, Alfonso",12,"person"
"Castro, Cristóbal de",2,"person"
"Castro, Eugenio de",4,"person"
"Castro, Eugénio de",5,"person"
"Castro, Gonzalo de",1,"person"
"Castro, Nicolás de",1,"person"
"Castro, Rosalía de",1,"person"
"Castro, Salvador V. de",2,"person"
"Castrovido, Roberto",1,"person"
"Castrovido, Roberto de",1,"person"
"Catalá, Carlos C.",1,"person"
"Catalina, Severo",7,"person"
"Catarineu, Ricardo J.",6,"person"
"Catrei, Guy Anatole",1,"person"
"Caula",1,"person"
"Cávat, Mariano de",1,"person"
"Cavestany, Juan Antonio",2,"person"
"Cávia, Mariano de",16,"person"
"Cay, Raoul J.",3,"person"
"Cayuela",2,"person"
"Cazalis, Henri",4,"person"
"Ceballos Quintana, Enrique",2,"person"
"Ceda",1,"person"
"Cejador y Frauca, Julio",1,"person"
"Celis Maturana, Víctor",3,"person"
"Cerda, Luis de la",1,"person"
"Cervantes, Edmundo",1,"person"
"Cervantes, Próspero",1,"person"
"Cervera y Topete, Pascual",1,"person"
"Cervera, Manuel",3,"person"
"Cervera, Manuel S.",1,"person"
"Cervera, P.",2,"person"
"Cerviño, Pedro Antonio",1,"person"
"Céspedes, Ángel María",6,"person"
"Cestero, Tulio",1,"person"
"Cestero, Tulio M.",1,"person"
"Cestero, Tulio Manuel",2,"person"
"Chacón Lorca, Luis Eduardo",4,"person"
"Chamorro i Ch., Claudio",1,"person"
"Champourcin, F. Michel de",1,"person"
"Chapí, Ruperto",3,"person"
"Charriaut, Henri",1,"person"
"Charton, Ernest",1,"person"
"Chateaubriad",1,"person"
"Chateaubriand, François-René de",1,"person"
"Chaumeix, André",1,"person"
"Chaux, Simón",1,"person"
"Chaves",1,"person"
"Chaves, J.R.",1,"person"
"Chavette, Eugène",1,"person"
"Chen Jitong",1,"person"
"Chénier, André",7,"person"
"Cherbuliez, Victor",2,"person"
"Chéret, Jules",3,"person"
"Chocano, José Santos",21,"person"
"Christiansen, Hans",1,"person"
"Cicero, Marcus Tullius",2,"person"
"Cidrón, Manuel",1,"person"
"Cilla Pérez, Ramón",2,"person"
"Cladel, Léon",1,"person"
"Claretie, Jules",3,"person"
"Claretie, Léo",3,"person"
"Claussen, Sophus",1,"person"
"Clavigero",3,"person"
"Clavijo Durán, Antonio",1,"person"
"Cobban, J. MacLaren",1,"person"
"Coello y Quesada, José",1,"person"
"Colín, Eduardo",2,"person"
"Coll, Pedro Emilio",4,"person"
"Collado, C. del",1,"person"
"Collantes, Saturnino Esteban",8,"person"
"Collas, Louis-Charles",1,"person"
"Cólogan y Cólogan, Bernardo Jacinto de",1,"person"
"Colorado, Vicente",33,"person"
"Comandante de Civrieux",1,"person"
"Comba y García, Juan",1,"person"
"Compañy, Manuel",25,"person"
"Conde, Eugenio",1,"person"
"Congosto, Mateo",1,"person"
"Conrotte, Manuel",13,"person"
"Consuegra, Manuel S.",1,"person"
"Conte, Octavio J.",3,"person"
"Conti, Isidoro",1,"person"
"Contreras y Camargo, Enrique",1,"person"
"Contreras, Felipe T.",1,"person"
"Contreras, Francisco",3,"person"
"Contreras, Juan",1,"person"
"Convoy, J. S.",1,"person"
"Cooke, John Esten",1,"person"
"Coomans, Joseph",2,"person"
"Coppée, François",26,"person"
"Coppinger, Cornelio C.",1,"person"
"Coppler",1,"person"
"Coradine, Alberto",11,"person"
"Cordero Velasco, P.",1,"person"
"Córdova Maza, Guillermo",1,"person"
"Cordovez Moure, José María",3,"person"
"Cornet y Prat, Antonio",1,"person"
"Cornuty, Henry",1,"person"
"Corominas, Pedro",13,"person"
"Coronado, Carolina",4,"person"
"Coronel Maler",1,"person"
"Corral, Jesús M. del",6,"person"
"Corral, M. Antonio del",1,"person"
"Corrales y Sánchez, Enrique",12,"person"
"Correa de Malvehy, Avelina",1,"person"
"Correa, Eduardo J.",2,"person"
"Correa, Rafael",1,"person"
"Correa, Ramón",1,"person"
"Cortón, Antonio",1,"person"
"Cosano de Sanjuan, Julio",1,"person"
"Cósmes, Francisco G.",3,"person"
"Costa y Martínez, Joaquín",3,"person"
"Courrier, Paul-Louis",1,"person"
"Courteline, Georges",3,"person"
"Courtois, Ulric",3,"person"
"Couto Castillo, Bernardo",3,"person"
"Cravioto, Alfonso",1,"person"
"Crawford, Francis Marion",2,"person"
"Crespo, P.",1,"person"
"Creta, Ruy de",1,"person"
"Criado Tejada, Víctor L.",1,"person"
"Crocano, José S.",1,"person"
"Cros, Manuel",1,"person"
"Cruz y Prada, C. de la",3,"person"
"Cruz, Efraím de la",2,"person"
"Cruz, Jorge de la",4,"person"
"Cruz, Manuel de la",2,"person"
"Cruz, Ramón de la",1,"person"
"Cuadro, B.",1,"person"
"Cuéllar Durán, Zoilo",1,"person"
"Cuéllar, José de",1,"person"
"Cuenca, Agustín F.",1,"person"
"Cuenca, Carlos Luis de",2,"person"
"Cuero Pita Pizarro, Luis de",10,"person"
"Cuervo Márquez, Carlos",5,"person"
"Cuervo Márquez, Emilio",9,"person"
"Cuervo, Angel",5,"person"
"Cuervo, Luis Augusto",8,"person"
"Cuervo, Rufino José",3,"person"
"Cueva, Salvador",1,"person"
"Cunninghame Graham, Robert Bontine",1,"person"
"Cutanda, Vicente",2,"person"
"Cyrano de Bergerac, Savinien de",17,"person"
"D'Abril",3,"person"
"D'Annunzio, Gabriele",19,"person"
"D'Avenel, Vizconde",1,"person"
"D'Enjoÿ, Paul",1,"person"
"D'Hervilly, Ernest",1,"person"
"D'Or, A.",1,"person"
"D'Ors, Eugenio",5,"person"
"D.",1,"person"
"D. y S.",1,"person"
"Dahlgren, E.N.",1,"person"
"Danton, Georges-Jacques",1,"person"
"Danvila y Collado, Manuel",1,"person"
"Daresme, Luciano",1,"person"
"Dargallo, Remigio",1,"person"
"Darío, Rubén",107,"person"
"Dato, Eduardo",1,"person"
"Daudet, Alphonse",16,"person"
"Dávalos, Balbino",8,"person"
"David, Jacques-Louis-Jules",1,"person"
"Davison, Diego T. R.",2,"person"
"Davray, Henry-D.",2,"person"
"De Amicis, Edmondo",3,"person"
"De Guerra Junqueiro, Abílio Manuel",1,"person"
"De Quincey, Thomas",1,"person"
"Dea, Marcos",1,"person"
"Delaunay, Berthe",1,"person"
"Deleito y Piñuela, José",1,"person"
"Delgado Uranga, Manuel",1,"person"
"Delgado, Eleuterio",1,"person"
"Delgado, Jorge E.",1,"person"
"Delgado, Juan B.",12,"person"
"Delgado, Rafael",2,"person"
"Delgado, Sinesio",8,"person"
"Dellepiane, Antonio",1,"person"
"Delorme, Rafael",29,"person"
"Delpit, Albert",2,"person"
"Demolins, Edmond",1,"person"
"Derk Akffal, I. K.",1,"person"
"Déroulède, Paul",1,"person"
"Descaves, Lucien",1,"person"
"Deslys, Charles",3,"person"
"Despujol, Eulogio",1,"person"
"Desroix, Jacques",1,"person"
"Déubel, Leon",1,"person"
"Díaz-Pérez, Viriato",4,"person"
"Díaz de Benjumea, Nicolás",1,"person"
"Díaz de Escovar, Narciso",8,"person"
"Díaz del Castillo, Ildefonso",1,"person"
"Díaz Dufóo, Carlos",224,"person"
"Díaz Gallo y Muguruza, Félix",56,"person"
"Díaz Garcés, Joaquín",1,"person"
"Díaz Guerra, Alirio",1,"person"
"Díaz Mirón, Salvador",7,"person"
"Díaz Pérez, Viriato",2,"person"
"Díaz Rodríguez, Manuel",3,"person"
"Díaz Romero, Eugenio",5,"person"
"Diaz Varela, Alejandra",1,"person"
"Díaz Vázquez, José",1,"person"
"Díaz y Pérez, Nicolás",15,"person"
"Díaz y Valero, Carlos",1,"person"
"Díaz, Leopoldo",16,"person"
"Díaz, Pedro Pablo",1,"person"
"Dicenta, Joaquín",48,"person"
"Díez-Canedo, Enrique",10,"person"
"Díez Canedo, Enrique",1,"person"
"Díez Canedo, Manuel",1,"person"
"Díez de Medina, Eduardo",1,"person"
"Diuribía, Marcel",1,"person"
"Doctor Merlin",1,"person"
"Doctor Rugby",1,"person"
"Dolz del Castellar, Francisco",1,"person"
"Domínguez, Luis Lorenzo",2,"person"
"Domínguez, Manuel",1,"person"
"Dominici, Pedro César",2,"person"
"Don Nadie",1,"person"
"Donato Navarro, Manuel",2,"person"
"Dorado, Pedro",1,"person"
"Doria, Evelio",2,"person"
"Dostoyevsky, Fyodor",1,"person"
"Dotres, José María",1,"person"
"Doynel, Carlos",1,"person"
"Drago, Luis María",3,"person"
"Dublé Urrutia, Diego",4,"person"
"Duclout, Georges",1,"person"
"Dumas, Alexandre fils",6,"person"
"Dumas, Alexandre père",2,"person"
"Dumas, Joël",1,"person"
"Dumontell, Fulberto",1,"person"
"Duque Uribe, Rafael",15,"person"
"Duque, Antonio de J.",2,"person"
"Durán Serrano, Manuel",1,"person"
"Dürer, Albrecht",1,"person"
"Dutary, Alejandro",1,"person"
"Duval, Paul Alexandre Martin",1,"person"
"Dymón",1,"person"
"E.",3,"person"
"E. M.",1,"person"
"E. S.",1,"person"
"E., J. de",2,"person"
"East, A.",1,"person"
"Eastman, Tomás Oziel",3,"person"
"Echagüe, Francisco",1,"person"
"Echavarría Vélez, Liborio",1,"person"
"Echeandía, Julio",1,"person"
"Echegaray, José",22,"person"
"Echegaray, Miguel",1,"person"
"Echegorri, P.",1,"person"
"Echeverri, Camilo Antonio",6,"person"
"Echeverría, Eduardo",4,"person"
"Echeverría, Marcelino",2,"person"
"Editorial department",77,"person"
"EDOS",1,"person"
"Egavra, I.",2,"person"
"Egawa, I.",2,"person"
"Egowa, I.",1,"person"
"Eiffel, Honorio",1,"person"
"El administrador",1,"person"
"El Alcalde de Totana",1,"person"
"El amigo del amigo",1,"person"
"El Barquero",1,"person"
"El Bobo de Coria",2,"person"
"El Conde de Cedillo",1,"person"
"El Conde de Fabraquer",1,"person"
"El Conde de Las Almenas",1,"person"
"El Conde de las Navas",1,"person"
"El Conde de Liniers",1,"person"
"El Conde de Romanones",2,"person"
"El Conde de Tejada de Valdosera",1,"person"
"El Corresponsal",1,"person"
"El Cuentista",3,"person"
"El Diablo Cojuelo",1,"person"
"El Doctor Fausto",1,"person"
"El Duque de Osuna y de Uceda",1,"person"
"El Duque de Rivas",1,"person"
"El Greco",2,"person"
"El Marqués de Figueroa",1,"person"
"El Marqués de la Vega de Armijo",1,"person"
"El Marqués de Pilares",1,"person"
"El Marqués de Urquijo",1,"person"
"El Marqués de Valmar",1,"person"
"El Obispo de Sión",1,"person"
"El sastre de Campillo",1,"person"
"El Sastre del Campillo",1,"person"
"El Trocadero",1,"person"
"El Vizdonde de Campo Grande",1,"person"
"Elí",1,"person"
"Elleide",3,"person"
"Elola, José de",1,"person"
"Elorriaga, Ernesto",2,"person"
"Enggerg, J.",1,"person"
"Eraña, Silverio",1,"person"
"Escalante Gómez, Manuel",1,"person"
"Escalas",1,"person"
"Escallón, Rafael",4,"person"
"Escayola, Manuel de",1,"person"
"Escobar Larrazábal, Melitón",21,"person"
"Escobar Padilla, Cenón",1,"person"
"Escobar Pino, Roberto",3,"person"
"Escobar R., Eusebio",1,"person"
"Escobar Roa, Rafael",2,"person"
"Escobar Rojo, Severo",4,"person"
"Escobar Sarmiento, Ricardo",2,"person"
"Escobar, Felipe S.",1,"person"
"Escobar, Francisco",1,"person"
"Escobar, Mario",3,"person"
"Escobar, Pedro Ignacio",7,"person"
"Escoristo",1,"person"
"Escovar Gaviria, Gonzalo",2,"person"
"Escovar, José María",8,"person"
"Escudero, Salvador",1,"person"
"Esguerra Ortiz, Joaquín",1,"person"
"Esguerra, Manuel",2,"person"
"Esguerra, Nicolás",1,"person"
"Espada, Juan Manuel",1,"person"
"España, Martin",2,"person"
"Esparbès, Georges d'",1,"person"
"Espie, Adolph d'",1,"person"
"Espina, J.",1,"person"
"Espinosa Guzmán, Rafael",31,"person"
"Espinosa, Enrique de",2,"person"
"Espinosa, Roberto",1,"person"
"Espronceda, José de",1,"person"
"Esquivel Obregón, Toribio",1,"person"
"Esser, F.",1,"person"
"Estados Unidos do Brasil",1,"person"
"Estéban, Enrique",4,"person"
"Estelrich, Juan Luis",2,"person"
"Estepa, Francisco de",1,"person"
"Esteva, Adalberto A.",9,"person"
"Esteva, José María",1,"person"
"Esteva, Raúl A.",1,"person"
"Estévanez, Nicolás",8,"person"
"Estrada Paniagua, Felipe",1,"person"
"Estrada, Ángel de",1,"person"
"Estrañi, José",4,"person"
"Estrella, Gabriel",1,"person"
"Estremera, José",2,"person"
"F. D. G.",1,"person"
"F. V.",1,"person"
"Fabraquer, José Muñoz Maldonado, conde de",19,"person"
"Fabrés, Antonio",1,"person"
"Facio, Justo A.",8,"person"
"Faguet, Émile",2,"person"
"Fallon, Diego",2,"person"
"Fariña Núñez, Eloy",1,"person"
"Farrére, Claude",1,"person"
"Faura, G.",20,"person"
"Fauré, A.",1,"person"
"Faure, Firmin",1,"person"
"Faust, Camille Laurent Célestin",1,"person"
"Favre, Jules",1,"person"
"Febres Cordero, Tulio",4,"person"
"Feijóo, Alfredo F.",3,"person"
"Feliu i de Lemus, Manuel",1,"person"
"Fénelon, François de Salignac de la Mothe",3,"person"
"Fernández-Shaw, Carlos",1,"person"
"Fernández Alonso, Benito",4,"person"
"Fernández Avendaño, Enrique Wenceslao",14,"person"
"Fernández Brañas, Adolfo",1,"person"
"Fernández Bremón, José",13,"person"
"Fernández Caballero, Manuel",2,"person"
"Fernández Corugedo, Emilio",1,"person"
"Fernández de la Hoz, José",1,"person"
"Fernández de Moratín, Leandro",1,"person"
"Fernández García, Alejandro",6,"person"
"Fernández Granados, Enrique",8,"person"
"Fernández Grilo, Antonio",18,"person"
"Fernández Guardia, Ricardo",4,"person"
"Fernández Jiménez, José",1,"person"
"Fernández Montalva, Ricardo",1,"person"
"Fernández Ríos, Ovidio",1,"person"
"Fernández Saus, Ramiro",1,"person"
"Fernández Vaamonde, Emilio",6,"person"
"Fernández Villegas, Francisco",8,"person"
"Fernández y García, Antonio",1,"person"
"Fernández y González, Manuel",2,"person"
"Fernández, Francisco F.",1,"person"
"Fernández, Manuel",1,"person"
"Fernández, Manuel M.",2,"person"
"Fernández, Rafael César",1,"person"
"Fernando de la Serna, Agustín",7,"person"
"Ferrari, Emilio",7,"person"
"Ferreira, Eduardo",1,"person"
"Ferrer L., Eduardo",1,"person"
"Ferrer, Jesús",4,"person"
"Ferrero, Guglielmo",2,"person"
"Ferrero, Guillermo",1,"person"
"Ferri, Enrico",2,"person"
"Ferroviere",1,"person"
"Féval, Paul",1,"person"
"Fiallo, Fabio",1,"person"
"Fiansón, José",2,"person"
"Figueroa, Luis",2,"person"
"Figueroa, Pedro Pablo",2,"person"
"Fillos, J.",1,"person"
"Filon, Agustin",1,"person"
"Flammarión, Camille",1,"person"
"Flaubert, Gustave",1,"person"
"Fleuriot-Kerinou, Francis",1,"person"
"Fléury, F.",1,"person"
"Flores García, Francisco",8,"person"
"Flores, Julio",6,"person"
"Flores, Manuel María",6,"person"
"Flórez Álvarez, Ester",3,"person"
"Flórez Galindo, Federico",1,"person"
"Flórez, Julio",7,"person"
"Fogazzaro, Antonio",1,"person"
"Fola Igúrbide, José",3,"person"
"Fontanills, Enrique",7,"person"
"Forain, Jean-Louis",3,"person"
"Formont, Maxime",1,"person"
"Fornés, Vicente",1,"person"
"Forrester, Tamy",1,"person"
"Fors, Luis Ricardo",1,"person"
"Fort, Paul",7,"person"
"Fortescue-Brickdale, Eleanor",1,"person"
"Fortuny, Mariano",1,"person"
"Fraguas, José María",2,"person"
"France, Anatole",7,"person"
"Francés, José",19,"person"
"Francisco, Julio de",8,"person"
"Francisco, Ricardo de",1,"person"
"Franco, Enrique",1,"person"
"Francos Rodríguez, José",3,"person"
"Franzen, Christian",30,"person"
"Fregeiro, Clemente L.",1,"person"
"Frontaura, Carlos",9,"person"
"Fuente Alcocer, Ricardo",7,"person"
"Fuentes, Diego de",1,"person"
"Fuentes, Enric de",3,"person"
"Fufú",1,"person"
"Füller, José",1,"person"
"Fx. B.",1,"person"
"G.",1,"person"
"G. 2.° H.",2,"person"
"Gabaldón, Luis",5,"person"
"Gabriac, Alexis de",1,"person"
"Gabriel y Galán, José María",1,"person"
"Gache, Samuel",2,"person"
"Gaitán O., Gustavo",4,"person"
"Galdámes, Luis",3,"person"
"Galdo, Manuel María José de",1,"person"
"Galindo, Aníbal",1,"person"
"Gallego, Juan Nicasio",1,"person"
"Gallegos del Campo, Emilio",2,"person"
"Gallegos, José",1,"person"
"Gálvez y del Monte, Wenceslao",2,"person"
"Gálvez, José María",1,"person"
"Gálvez, Manuel",1,"person"
"Gamboa Ricalde, Álvaro",1,"person"
"Gamboa, Federico",8,"person"
"Gamboa, Isaías",1,"person"
"Gamboa, José Joaquín",2,"person"
"Gamboa, Mateo",1,"person"
"Gamero, Luis",1,"person"
"Gamio, Manuel",1,"person"
"Gandul",1,"person"
"Ganivet, Ángel",6,"person"
"Gárate, Juan José",1,"person"
"Garavito Armero, Julio",2,"person"
"Garay, Epifanio",4,"person"
"Garcés, Enrique",3,"person"
"Garcés, Leopoldo",2,"person"
"García-Herráiz, Luis",1,"person"
"García-Plata de Osma, Rafael",1,"person"
"García Bremón, Enrique",1,"person"
"García Calderón, Francisco",2,"person"
"García Calvo, Federico",1,"person"
"García Cano, Agustín",7,"person"
"García Cisneros, Francisco",20,"person"
"García de la Barga, Pedro",1,"person"
"García de Polavieja y del Castillo, Camilo",2,"person"
"García F., Ana M.",1,"person"
"García Kohly, Mario",1,"person"
"García Lovera, Rafael",2,"person"
"García Mencía, Antonio",1,"person"
"García Mérou, Martín",12,"person"
"García Naranjo, Nemesio",1,"person"
"García Ortega, Francisco",1,"person"
"García Ortiz, Laureano",4,"person"
"García Peláez, Francisco de Paula",1,"person"
"García Raurich, Josep",1,"person"
"García Rendueles, Rogelio",2,"person"
"García Retortillo, E.",1,"person"
"García Rico, Francisco",1,"person"
"García Samudio, Nicolás",5,"person"
"García Sanchiz, Federico",2,"person"
"García Suárez, José María",1,"person"
"García Valiente, César",1,"person"
"García y Ramos, José",1,"person"
"García Zamudio, Nicolás",1,"person"
"García, Adolfo",3,"person"
"García, Evaristo",1,"person"
"García, Juan Agustín",3,"person"
"García, Juan Crisóstomo",1,"person"
"García, Pedro Andrés",7,"person"
"García, Telesforo",1,"person"
"Gardearabal, Luis de",1,"person"
"Garín, Arturo",1,"person"
"Garnelo y Alda, José",3,"person"
"Gartner, Hugo",1,"person"
"Gascón",1,"person"
"Gaspar, Enrique",11,"person"
"Gasset y Artime, Eduardo",1,"person"
"Gasset, Rafael",1,"person"
"Gaubert, Ernest",1,"person"
"Gautier, Judith",2,"person"
"Gautier, Théophile",6,"person"
"Gavidia, Francisco",1,"person"
"Gaviria Arango, Enrique",1,"person"
"Gaviria I., Henrique",1,"person"
"Gaviria Isaza, Henrique",1,"person"
"Gaviria, José A.",4,"person"
"Gay, Joan",17,"person"
"Gebhart, Émile",1,"person"
"Génin, Auguste",1,"person"
"Geoffray, Stéphane",1,"person"
"Gerardo",2,"person"
"Gerin, Gabriel",1,"person"
"Germain, Auguste",2,"person"
"Gestoso y Pérez, José",1,"person"
"Ghiraldo, Alberto",4,"person"
"Gibbon, Eduardo A.",1,"person"
"Giberga, Samuel",1,"person"
"Gide, André",3,"person"
"Gil Fortoul, José",2,"person"
"Gil, Constantino",4,"person"
"Gil, Pedro Emilio",1,"person"
"Gil, Ricardo",4,"person"
"Giner de los Ríos, Francisco",1,"person"
"Ginisty, Paul",2,"person"
"Giraldo, Francisco",1,"person"
"Giraud, Victor",1,"person"
"Girón, Lázaro María",1,"person"
"Godoy y Sala, Ramón de",5,"person"
"Godoy y Sola, Ramón",1,"person"
"Goeminne Thomson, Augusto",8,"person"
"Goenaga, Florentino",1,"person"
"Goethe, Johann Wolfgang von",8,"person"
"Golpe, Salvador",3,"person"
"Gomes Leal, António",1,"person"
"Gómez Barrientos, Estanislao",12,"person"
"Gómez Carrillo, Enrique",46,"person"
"Gómez de Baquero, Eduardo",3,"person"
"Gómez de Huerta, Jerónimo",1,"person"
"Gómez E., Bernardo",2,"person"
"Gómez Erruz, Francisco",1,"person"
"Gómez Escobar, Francisco",15,"person"
"Gómez Guerrero, E.",1,"person"
"Gómez Hurtado, Marcelino",1,"person"
"Gómez Imaz, José",1,"person"
"Gómez Imaz, Manuel",1,"person"
"Gómez Jaime de Abadía, Herminia",1,"person"
"Gómez Jaime, Alfredo",6,"person"
"Gomez Loredo, Antonio",1,"person"
"Gómez Naranjo, Abelardo",2,"person"
"Gómez Núñez, Severo",3,"person"
"Gómez Restrepo, Antonio",21,"person"
"Gómez Restripd, Antonio",1,"person"
"Gómez Robelo, Ricardo",1,"person"
"Gómez Rodríguez, Crescencio",1,"person"
"Gómez, Enrique",1,"person"
"Gómez, Jaime Alfredo",1,"person"
"Gómez, Lucas",1,"person"
"Gómez, Plinio",1,"person"
"Gomila, Sebastián",6,"person"
"Gomperz, Theodor",3,"person"
"Goncourt, Edmond de",8,"person"
"Goncourt, Jules de",7,"person"
"Gonne, Maud",1,"person"
"Gonzaga Ortiz, Luis",6,"person"
"Gonzaga Urbina, Luis",1,"person"
"González-Blanco, Andrés",23,"person"
"González-Blanco, Edmundo",1,"person"
"González-Blanco, Pedro",16,"person"
"González Agejas, Lorenzo",12,"person"
"González Anaya, Salvador",2,"person"
"González Arenal, Vidal",1,"person"
"González Blanco, Andrés",4,"person"
"González Carrasco, A.",1,"person"
"González Carrasco, Aurelio",1,"person"
"González Díaz, Francisco",1,"person"
"González Echevarría, Vicente",1,"person"
"González Méndez, Nicanor",15,"person"
"González Obregón, Luis",3,"person"
"González Ochoa, Fernando",6,"person"
"González Peña, Carlos",2,"person"
"González Serrano, Urbano",17,"person"
"González Suárez, Federico",1,"person"
"González Torres, A.",1,"person"
"González Vigil, Francisco de Paula",2,"person"
"González, Carlos D.",1,"person"
"González, Eloy Guillermo",1,"person"
"González, Joaquín Víctor",1,"person"
"González, José",5,"person"
"González, N. A.",1,"person"
"González, Pedro",1,"person"
"González, Pedro Antonio",2,"person"
"Goodman, Maud",1,"person"
"Gorki, Maksim",1,"person"
"Gostkowski, Gustavo G.",2,"person"
"Gourmont, Remy de",8,"person"
"Gourmont, Rémy de",7,"person"
"Gowen Brooks, María",1,"person"
"Goya, Antonio",1,"person"
"Goyau, Georges",1,"person"
"Goyena, Pedro",1,"person"
"Graf, Arturo",1,"person"
"Grafe Calatrava, E.",1,"person"
"Gramont, Luciano",1,"person"
"Granés, Enrique María",1,"person"
"Granés, Salvador María",6,"person"
"Grant, Allen",2,"person"
"Grases i Riera, Josep",1,"person"
"Grasset, Eugène",5,"person"
"Grau, Jacinto",1,"person"
"Gray, Thomas",1,"person"
"Grégory, Pedro N.",1,"person"
"Greiff, Carlos de",1,"person"
"Greiff, León de",8,"person"
"Greiff, Luis de",87,"person"
"Grijalba, Alfonso R. de",2,"person"
"Grillo, Max",1,"person"
"Grillo, Maximiliano",37,"person"
"Groizard y Gómez de la Serna, Alejandro",1,"person"
"Groot, José Manuel",1,"person"
"Groussac, Paul",42,"person"
"Grützner, Eduard von",1,"person"
"Gual, Adrià",6,"person"
"Guardia, Ernesto de la",1,"person"
"Guardia, Luis de la",1,"person"
"Guardiola, José",1,"person"
"Guarín, José David",1,"person"
"Guasp, Gonzalo",1,"person"
"Guastavino, José Miguel",3,"person"
"Güell, Joaquín M.",7,"person"
"Guérin, Charles",2,"person"
"Guérin, Maurice de",2,"person"
"Guerra Azuola, Ramón",6,"person"
"Guerra, Ángel",8,"person"
"Guerra, Anselmo",1,"person"
"Guerrero, Rafael",1,"person"
"Guerrero, Teodoro",27,"person"
"Guerrini, Olindo",19,"person"
"Guillén Sotelo, Juan",2,"person"
"Guimerá, Ángel",4,"person"
"Guindos, Manuel de",2,"person"
"Gumucio, Adulfo de",1,"person"
"Gutiérrez-Gamero, Emilio",3,"person"
"Gutiérrez Abascal, José",1,"person"
"Gutiérrez B., Germán",1,"person"
"Gutiérrez Coll, Jacinto",1,"person"
"Gutiérrez Coll, José",1,"person"
"Gutiérrez de Alba, José María",2,"person"
"Gutiérrez de la Vega, José",1,"person"
"Gutiérrez González, Gregorio",2,"person"
"Gutiérrez Nájera, Manuel",89,"person"
"Gutiérrez Nájera, Salvador",4,"person"
"Gutiérrez Robledo, Julio",1,"person"
"Gutiérrez, Felipe Santiago",1,"person"
"Gutiérrez, Francisco A.",1,"person"
"Gutiérrez, Miguel",1,"person"
"Gutiérrez, Ricardo",1,"person"
"Guyau, Jean-Marie",2,"person"
"Guzmán de Alfarache",1,"person"
"Guzmán Esponda, Eduardo",1,"person"
"Guzmán, Carlos",1,"person"
"Guzmán, César Coronado",1,"person"
"Guzmán, Eduardo",2,"person"
"Guzmán, Ernesto A.",4,"person"
"H.",1,"person"
"H. Cortínez, Julio",1,"person"
"H. F.",1,"person"
"Hansen, Knut",1,"person"
"Harris",1,"person"
"Hartmann, Eduard von",1,"person"
"Hastoy",1,"person"
"Hawthorne, Nathaniel",1,"person"
"Hearn, Lafcadio",3,"person"
"Heber, Carl Augustus",1,"person"
"Heine, Heinrich",15,"person"
"Helios",18,"person"
"Henales, Federico Luis de",9,"person"
"Henao, Federico Carlos",15,"person"
"Henríquez-Ureña, Pedro",1,"person"
"Henríquez Ureña, Max",1,"person"
"Hephel",2,"person"
"Hepp, Alexandre",1,"person"
"Heredia Márquez, Francisco de",4,"person"
"Heredia, José-Maria de",3,"person"
"Heredia, José María de",13,"person"
"Heredia, Nicolás",1,"person"
"Hermann-Paul",1,"person"
"Hermant, Abel",1,"person"
"Hernández-Catá, Alfonso",4,"person"
"Hernández-Pacheco, Eduardo",1,"person"
"Hernández Catá, Alfonso",1,"person"
"Hernández González, José",1,"person"
"Hernandez Miyares, Enrique",4,"person"
"Hernández Rico, J.",3,"person"
"Hernández, Luis María",1,"person"
"Hernández, Pablo",2,"person"
"Hernanz, F.",1,"person"
"Herrán, Fermín",1,"person"
"Herrán, Pablo Emilio",1,"person"
"Herranz, Juan José",13,"person"
"Herrera Sotomayor, Ignacio",1,"person"
"Herrera, Benjamín",1,"person"
"Herrera, Darío",6,"person"
"Hervieu, Paul",1,"person"
"Hidalgo de Cisneros, Baltasar",1,"person"
"Hidalgo de Quintana, Baltasar",1,"person"
"Hidalgo Lara, Tomás",2,"person"
"Hidalgo, José Antonio",1,"person"
"Hinestroza Daza, Ricardo",5,"person"
"Hoffman",1,"person"
"Hoffmann, Ernst Theodor Amadeus",1,"person"
"Holguín Caro, Hernando",3,"person"
"Holguín, Jorge",3,"person"
"Hood, Thomas",2,"person"
"Horace",1,"person"
"Houssaye, Arséne",3,"person"
"Hoyos y Vinent, Antonio de",1,"person"
"Hoyos, Sebastián",1,"person"
"Huelbes Temprado, Joaquín de",2,"person"
"Huerta y Portero, Manuel",1,"person"
"Huerta, José Félix",1,"person"
"Huesca, Federico",12,"person"
"Hugo, Victor",18,"person"
"Huguet del Villar, Emilio",1,"person"
"Huidobro, Luis",2,"person"
"Hurtado del Valle, Francisco",1,"person"
"Hurtado López, Luis A.",1,"person"
"Hurtado, Publio",4,"person"
"Huysmans, Charles Marie Georges",1,"person"
"Huysmans, Joris-Karl",1,"person"
"Ibánez de Argullós, A.",2,"person"
"Ibáñez, Crisóforo",1,"person"
"Ibáñez, Pedro María",9,"person"
"Ibarra y Rodríguez, Eduardo",2,"person"
"Ibarra, Lino C.",1,"person"
"Ibels, André",1,"person"
"Ibsen, Henrik",7,"person"
"Icaza, Francisco A. de",13,"person"
"Iglesias Calderón, Fernando",1,"person"
"Iglesias, Pablo",5,"person"
"Iglesias, Santiago",40,"person"
"Imón de la Mota, Gil",1,"person"
"Ingenieros, José",2,"person"
"Interin",1,"person"
"Iracheta, Francisco de",1,"person"
"Iriarte, Tomás de",1,"person"
"Irigoyen, Bernardo de",3,"person"
"Isaacs, Jorge",6,"person"
"Isaacs, Lisímaco",1,"person"
"Isaza, Fernando",1,"person"
"Isaza, Horacio",3,"person"
"Isaza, Teodomiro",6,"person"
"Isern, Damián",1,"person"
"Ituarte, Alberto",2,"person"
"J.",2,"person"
"J. Ch. M.",1,"person"
"J. G. B.",1,"person"
"J. J.",1,"person"
"J. L. R.",1,"person"
"J. M. N.",1,"person"
"J. M. S.",1,"person"
"J. P. y LL.",2,"person"
"J. X.",1,"person"
"J., Obispo de Sión",2,"person"
"Jackson Veyán, José",2,"person"
"Jacques, Amédée",1,"person"
"Jaimes Freyre, Ricardo",2,"person"
"Jaloux, Edmond",1,"person"
"Jammes, Francis",4,"person"
"Jan, Pierre",2,"person"
"Jaramillo A., Roberto",3,"person"
"Jaramillo Arango, Rafael",7,"person"
"Jaramillo Arango, Roberto",1,"person"
"Jaramillo Córdoba, Federico",1,"person"
"Jaramillo Jaramillo, Germán",1,"person"
"Jaramillo Medina, Francisco",5,"person"
"Jaramillo Meza, Juan Bautista",1,"person"
"Jaramillo P., Escipión",5,"person"
"Jaramillo, Bernardo",8,"person"
"Jaramillo, Emilio",2,"person"
"Jaramillo, Joaquín Emilio",1,"person"
"Jeunesse, Ernest La",1,"person"
"Jimênez Aranda, José",2,"person"
"Jiménez de Delgado, Rosa",1,"person"
"Jiménez de la Espada, Marcos",2,"person"
"Jiménez Llundain, Pedro",2,"person"
"Jiménez López, Miguel",4,"person"
"Jiménez, Juan Ramón",36,"person"
"Jiménez, Tobías",2,"person"
"Joaberbal",1,"person"
"Jordà, Josep M.",2,"person"
"Jornelo, J.",1,"person"
"Jorreto Paniagua, Manuel",2,"person"
"Jorrín, José Silverio",1,"person"
"Josz, Virgile",1,"person"
"Joubert, Joseph",1,"person"
"Joufrez, Lila de",1,"person"
"Jouy, Victor Joseph Étienne de",1,"person"
"Jove y Hevia, Plácido de",1,"person"
"Juan de Mañara",1,"person"
"Juanes González Gutiérrez, Fernando",1,"person"
"Judic",1,"person"
"Jugo Ramírez, Diego",1,"person"
"Jurado de la Parra, José",20,"person"
"Justo Criterio",1,"person"
"Kaminsky-Halpérine, Ilya",1,"person"
"Karr, Alphonse",6,"person"
"Keymer, Carlos E.",3,"person"
"Khayyam, Omar",2,"person"
"Kipling, Rudyard",2,"person"
"Klein, Ludovico",1,"person"
"Klein, Ludwig",1,"person"
"KOMJP",1,"person"
"Krummacher, Friedrich Wilhelm",1,"person"
"Krysinska, Marie",1,"person"
"Kubly, Enrique",1,"person"
"L'Heureux, Marcel",2,"person"
"L.",2,"person"
"L. A. V.",1,"person"
"L. de T.",2,"person"
"L. L.",1,"person"
"La comisión",1,"person"
"La Jeunesse, Ernest",1,"person"
"La Redacción",1,"person"
"La redacción de los Anales del Ejército y de la Armada",1,"person"
"La Rochefoucauld, François de",1,"person"
"Laboulaye, Édouard",1,"person"
"Labra, Rafael M. de",5,"person"
"Lacaze-Duthiers, Gérard de",1,"person"
"Laffitte, Alfredo de",1,"person"
"Laforge, Jules",1,"person"
"Lagos, Carlos",1,"person"
"Lamartine",1,"person"
"Lamartine, Alphonse de",3,"person"
"Lambert, Suzanne",1,"person"
"Langi, José de",1,"person"
"Lano, Pierre de",1,"person"
"Lanuza, Juan de",1,"person"
"Lanza, Silverio",5,"person"
"Lapaire, Hugues",1,"person"
"Lapauze, Jeanne",1,"person"
"Lapoulide, Juan Lorenzo",2,"person"
"Lara, Luis de",4,"person"
"Larbaud, Valéry",1,"person"
"Larra, Gilberto E.",1,"person"
"Larrañaga Portugal, Manuel",15,"person"
"Larrazábal, Antonio",1,"person"
"Larrea, Carlos Manuel",1,"person"
"Larrea, Francisco",1,"person"
"Larrubiera, Alejandro",1,"person"
"Lartundo, Ramón de",1,"person"
"Las Heras, Dionisio de",1,"person"
"Lassa i Nuno, Manuel",1,"person"
"Lassala, Manuel",1,"person"
"Lassalle, José",7,"person"
"Lasturel, P.",1,"person"
"Laterrade, Alexandre",2,"person"
"Látigo, Tomás",1,"person"
"Latorre, Francisco A.",3,"person"
"Latorre, Gabriel",13,"person"
"Latorre, Javier",1,"person"
"Laurent y Minier, Jean",2,"person"
"Lautaro",1,"person"
"Lavedan, Henri",2,"person"
"Laverde Amaya, Isidoro",77,"person"
"Laverde Liévano, Manuel",1,"person"
"Lazaga, Joaquín María",1,"person"
"Le Blond, M.",1,"person"
"Le Moyne d'Iberville, Pierre",15,"person"
"Le Moyne, Arnaud Auguste Hilaire",3,"person"
"Le Roi, Adam",1,"person"
"Le Roux, Robert Charles Henri",2,"person"
"Leal da Câmara,Tomás Júlio",52,"person"
"Leblanc, Félix",1,"person"
"Leblanc, Maurice",1,"person"
"Leconte de Lisle, Charles-Marie",9,"person"
"Ledgard, Carlos",1,"person"
"Leduc, Alberto",2,"person"
"Legouvé, Ernest",1,"person"
"Leipziger",2,"person"
"Leloir, Antoine François",1,"person"
"Lemaître, Jules",11,"person"
"Lemly, Henry Rowan",2,"person"
"Lémus N., Alberto",1,"person"
"Lenôtre, Georges",1,"person"
"León Gómez, Adolfo",6,"person"
"León, Félix de",5,"person"
"León, Fray Luis de",1,"person"
"Leoncio",1,"person"
"Leopardi, Giacomo",6,"person"
"Leporace, J.",1,"person"
"Leporace, L..",1,"person"
"Letourneau",1,"person"
"Lévy, Arthur",1,"person"
"Leyda, Rafael",2,"person"
"Leyva, Nicolás de",4,"person"
"Lhermitte, Léon Augustin",1,"person"
"Lickefett y English, Carlos",1,"person"
"Liévano, Roberto",2,"person"
"Lillo, Samuel A.",1,"person"
"Lima, Oliveira",1,"person"
"Lima, Polita de",1,"person"
"Linares Rivas, Manuel",1,"person"
"Lincoln de Zayas y Junco, Enrique",1,"person"
"Lindenlaub, Th.",1,"person"
"Liniers, Jacques de",18,"person"
"Lionnet, Jean",1,"person"
"Lipparini, Giuseppe",1,"person"
"Lira, Pedro",2,"person"
"Lisle, Leconte de",2,"person"
"Lista, Alberto",1,"person"
"Lizardo, Pedro",1,"person"
"Lizaur, José Agustín",1,"person"
"LL. RR",1,"person"
"Lladré",1,"person"
"Llanas Aguilaniedo, José María",4,"person"
"Llaneces, José",1,"person"
"Llano Persi, Manuel de",45,"person"
"Llanos, Américo",1,"person"
"Llanos, Luis de",1,"person"
"Lleras A., Alfredo",2,"person"
"Lleras Codazzi, Ricardo",1,"person"
"Llona, Alvaro",1,"person"
"Llona, Numa P.",5,"person"
"Llorente Fernández, Ildefonso",38,"person"
"Llorente, Teodoro",4,"person"
"Llorente, Vicente Daniel",2,"person"
"Lluria Despau, Enrique",4,"person"
"Lois, José",1,"person"
"Loma, José de la",2,"person"
"Londoño, Pedro P.",4,"person"
"Londoño, Víctor Manuel",35,"person"
"Longfellow, Henry Wadsworth",3,"person"
"López-Chávarri, Eduard",3,"person"
"López-Roberts, Mauricio",11,"person"
"López Ballesteros, Luis",1,"person"
"López Cabarros, Manuel",1,"person"
"López Carvajal, Francisco",5,"person"
"López de Ayala, Adelardo",3,"person"
"López de Haro, Rafael",1,"person"
"López de Mesa, Luis",36,"person"
"López de Sáa, Leopoldo",1,"person"
"López Domínguez, José",3,"person"
"López Iriarte, E.",1,"person"
"López Lapuya, Isidoro",19,"person"
"López Montenegro, Ramón",1,"person"
"López Muñoz, Antonio",1,"person"
"López Penha, Abraham Z.",8,"person"
"López Penha, Abraham Zacarías",1,"person"
"López Pinillos, José",1,"person"
"López Portillo y Rojas, José",1,"person"
"López Puigcerver, Joaquín",2,"person"
"López Silva, José",1,"person"
"López, Alejandro",3,"person"
"López, Carlos",2,"person"
"López, Deuteronomio",1,"person"
"López, Ismael",38,"person"
"López, José María",2,"person"
"López, Lucio Vicente",3,"person"
"López, Nicolás María",2,"person"
"López, Rafael",1,"person"
"López, Samuel",1,"person"
"Lora y Lora, José",5,"person"
"Lorenzana, Máximo",1,"person"
"Lorenzo Coria, Martín",2,"person"
"Loti, Pierre",9,"person"
"Louÿs, Pierre",4,"person"
"Lowell, James Russell",1,"person"
"Lozano y Lozano, Fabio",8,"person"
"Lozano, Alberto",15,"person"
"Lucas, José Antonio",1,"person"
"Luceño, Tomás",28,"person"
"Luchichí, Ignacio Miguel",1,"person"
"Lucini Callejo, Eduardo",2,"person"
"Luco, Victor",1,"person"
"Lucretius Carus, Titus",2,"person"
"Lugo, Francisco Aniceto",2,"person"
"Lugo, Silvio",1,"person"
"Lugones, Leopoldo",5,"person"
"Luigi",3,"person"
"Luis",1,"person"
"Luna, Adolfo",3,"person"
"Lustonó, Eduardo de",20,"person"
"Lynch del Solar, Enrique",3,"person"
"Lynch, Albert",2,"person"
"M.",4,"person"
"M. B.",1,"person"
"M. de M.",1,"person"
"M. P.",1,"person"
"M., C.",1,"person"
"Mabire, Pierre-Hippolyte",1,"person"
"Macdougall, William Brown",3,"person"
"Maceín, Francisco",30,"person"
"Machado, Antonio",22,"person"
"Machado, Gonzalo",1,"person"
"Machado, Manuel",26,"person"
"MacNeil, Hermon Atkins",1,"person"
"Macpherson, F.",1,"person"
"Macpherson, M. A.",1,"person"
"Madariaga, Federico de",6,"person"
"Madrid y Madrid, Juan",1,"person"
"Maese Pedro",6,"person"
"Maeterlinck, Maurice",6,"person"
"Maeztu, Ramiro de",42,"person"
"Magallanes Moure, Manuel",2,"person"
"Magenis, Ramón",1,"person"
"Mailly, Louis de",2,"person"
"Maizeroy, René",2,"person"
"Malatesta, Errico",1,"person"
"Maldonado, Enrique",4,"person"
"Mallarino, Julio D.",1,"person"
"Mallarmé, Stéphane",3,"person"
"Malon, Benoît",1,"person"
"Malvina",1,"person"
"Mancheño y Olivares, Miguel",8,"person"
"Manrique de Lara, Manuel",1,"person"
"Manrique, Juan E.",1,"person"
"Manrique, Pedro Carlos",1,"person"
"Mansilla, Lucio Victorio",2,"person"
"Mantegazza, Paolo",5,"person"
"Maragall, Joan",6,"person"
"Maragall, Juan",1,"person"
"Marat, Jean-Paul",1,"person"
"Marbán, José",1,"person"
"Marcoartu Goicoechea, Macario",3,"person"
"Marcos",1,"person"
"Margueritte, Paul",5,"person"
"Margueritte, Victor",1,"person"
"María Enriqueta",10,"person"
"Marín",5,"person"
"Marín Llovet, Ricardo",20,"person"
"Marín Sáenz, M.",1,"person"
"Marín, Abel",14,"person"
"Marín, Juan Bautista",1,"person"
"Marinas, A.",1,"person"
"Marinetti, Filippo Tommaso",2,"person"
"Mario, F.",1,"person"
"Marni, J.",1,"person"
"Maroto, Rafael",1,"person"
"Marqués viudo de Santa Marta",1,"person"
"Márquez Bravo, Tomás",3,"person"
"Márquez Cuervo, Carlos",1,"person"
"Márquez Sterling, Manuel",2,"person"
"Marquina, Eduardo",21,"person"
"Marquina, Pedro",1,"person"
"Marroquín, José Manuel",2,"person"
"Martel, Julián",1,"person"
"Martel, L.",1,"person"
"Martí, José",7,"person"
"Martín",2,"person"
"Martín Llorente, Francisco",5,"person"
"Martín Mateos, Nicomedes",1,"person"
"Martín Mínguez, Bernardino",12,"person"
"Martín, José",1,"person"
"Martín, Juan",1,"person"
"Martín, Melitón",21,"person"
"Martínez Espada, M.",1,"person"
"Martínez Espada, Manuel",14,"person"
"Martínez Jerez, José",4,"person"
"Martínez Luján, Domingo",2,"person"
"Martínez Peralta, Augusto",1,"person"
"Martínez R., L.",2,"person"
"Martínez Rivas, Federico",1,"person"
"Martínez Rubio, Rafael",21,"person"
"Martínez Ruiz, José",36,"person"
"Martínez Sierra, Gregorio",69,"person"
"Martínez Silva, Carlos",1,"person"
"Martínez Vijil, Carlos",1,"person"
"Martínez Villergas, Juan",1,"person"
"Martínez, Alberto B.",1,"person"
"Martínez, Antonio R.",1,"person"
"Martínez, José María",1,"person"
"Martínez, Juan Ángel",1,"person"
"Martínez, Miguel",1,"person"
"Martínez, Victor",1,"person"
"Martini, Rómulo E.",1,"person"
"Martón é Izaguirre, J.",1,"person"
"Maruja",1,"person"
"Más, F.",1,"person"
"Massó Torrents, Jaime",1,"person"
"Massó, M.",1,"person"
"Mata, Andrés A.",7,"person"
"Matamoros, Mercedes",1,"person"
"Mateus, Jorge",1,"person"
"Matheu Aybar, José María",12,"person"
"Matos Hurtado, Belisario",2,"person"
"Matoses, Manuel",1,"person"
"Matta, Guillermo",1,"person"
"Matte Bello, Rebeca",2,"person"
"Maudsley, Henry",1,"person"
"Maupassant, Guy de",16,"person"
"Maura Montaner, Bartolomé",1,"person"
"Maura, Antonio",1,"person"
"Maura, Gabriel",1,"person"
"Mauret Caamaño, Alberto",13,"person"
"Mauthner, Fritz",1,"person"
"Maximino",1,"person"
"Máximo",1,"person"
"May, Dick",1,"person"
"Maya, Juan Antonio",2,"person"
"Maya, Juan F.",1,"person"
"Mayorga Rivas, Román",1,"person"
"Mazel, Henri",1,"person"
"Maziel, Juan Baltasar",5,"person"
"Mazière, G. de",1,"person"
"Medina Vera, Inocencio",28,"person"
"Medina, Vicente",17,"person"
"Meisonnier, Ernest",1,"person"
"Mejía Ángel, Gustavo",2,"person"
"Mejía Arango, Félix",14,"person"
"Mejía V., Sebastián",1,"person"
"Mejía, Epifanio",5,"person"
"Mejía, Gabriel",1,"person"
"Mela, Juan",1,"person"
"Melgar",1,"person"
"Mellado, Fernando",7,"person"
"Melossi, Alfredo",3,"person"
"Mena y García, José",1,"person"
"Mendés, Catulle",18,"person"
"Mendès, Catulle",4,"person"
"Méndez de Cuenca, Laura",10,"person"
"Méndez y Mendoza, Eugenio",1,"person"
"Méndez, Félix",1,"person"
"Méndez, Juan de Dios",1,"person"
"Mendive y Daumy, Rafael María de",1,"person"
"Mendizábal, Ignacio",1,"person"
"Mendoza, Diego",7,"person"
"Mendoza, Mariano Martín de",3,"person"
"Menéndez y Pelayo, Marcelino",4,"person"
"Menéndez, Damián",2,"person"
"Mercader-Belloch, Enrique de",4,"person"
"Mercado, Julio",1,"person"
"Merchán, Rafael María",9,"person"
"Merezhkovski, Dmitri",1,"person"
"Merizalde Uribe, Antonio",9,"person"
"Merlino, Severio",1,"person"
"Merlo Monjuí, J. M.",1,"person"
"Merrill, Stuart",1,"person"
"Mesa Jaramillo, José María",1,"person"
"Mesa Nicholls, Alejandro",5,"person"
"Mesa, Enrique de",4,"person"
"Mesa, Rafael",35,"person"
"Mestres, Apeles",1,"person"
"Meteyard, Sidney",2,"person"
"Meurville, Louis de",1,"person"
"Meyerbeer, Giacomo",1,"person"
"Meza y Suárez Inclán, Ramón",2,"person"
"Mézières, Alfred",1,"person"
"Michaud-D'Hamiae, L.",1,"person"
"Michel, Louise",1,"person"
"Michelsen Uribe, Gustavo",1,"person"
"Miguel Ángel",1,"person"
"Miguel, Maximino de",1,"person"
"Mikhaël, Efraín",1,"person"
"Milá, A. I.",2,"person"
"Mill, John Stuart",1,"person"
"Millican, Albert",2,"person"
"Minguez, Ángel",7,"person"
"Mínimo",1,"person"
"Miranda, Delio",1,"person"
"Mirbeau, Octave",3,"person"
"Miró",2,"person"
"Miró Ferrer, Gabriel",1,"person"
"Miseno",1,"person"
"Misteriosa",1,"person"
"Misti",1,"person"
"Mistral, Frédéric",2,"person"
"Mitre, Bartolomé",10,"person"
"Mitty, Jean de",2,"person"
"Mockel, Albert",3,"person"
"Moireau, Auguste",1,"person"
"Moirisse, S. E.",2,"person"
"Molina Garcés, Ciro",14,"person"
"Molina Paniagua, Modesto",1,"person"
"Molina, Carlos A.",3,"person"
"Molina, Ernesto",1,"person"
"Molina, Juan Ramón",1,"person"
"Molina, Pedro Antonio",1,"person"
"Monasterio, Antonio de",1,"person"
"Monasterios Velásquez, Jesús María",1,"person"
"Monocle",1,"person"
"Monsalve, José Dolores",2,"person"
"Montaner, Joaquín",1,"person"
"Monte, D. L.",1,"person"
"Montemar",2,"person"
"Montero Ríos, Eugenio",3,"person"
"Montero, M. M.",1,"person"
"Monterrey, Manuel",1,"person"
"Monterrey, Margarita María de",9,"person"
"Montes de Oca, Manuel Augusto",1,"person"
"Montes del Valle, Agripina",2,"person"
"Montesquieu, Charles de Secondat, baron de",2,"person"
"Monti",1,"person"
"Montilla y Adan, Juan",1,"person"
"Montilla, A.",2,"person"
"Montilla, R.",2,"person"
"Montmorency-Laval, Anne-Adrien-Pierre de",1,"person"
"Montoro, Rafael",2,"person"
"Montoya Canal, Aníbal",1,"person"
"Montoya Kennedy, F. A.",2,"person"
"Montoya Pérez, Rafael",11,"person"
"Montoya, Antonio José",18,"person"
"Montoya, Eladio",1,"person"
"Montoya, Gabriel",28,"person"
"Montoya, José",11,"person"
"Montoya, Mariano",1,"person"
"Mora Vásquez, José Manuel",2,"person"
"Mora, Félix",1,"person"
"Mora, José Joaquín de",1,"person"
"Mora, Luis María",1,"person"
"Morales Berti, Luis",1,"person"
"Morales San Martín, Bernardo",1,"person"
"Morante, Ambrosio",1,"person"
"Morato, Juan José",12,"person"
"Morato, Luis",1,"person"
"Morayta, Miguel",11,"person"
"Moréas, Jean",2,"person"
"Morel Fatio",1,"person"
"Moreno-Carbonero, José",3,"person"
"Moreno Alba, Miguel",2,"person"
"Moreno Cantón, Delio",1,"person"
"Moreno Carrillo, J.",1,"person"
"Moreno Rodríguez, P. J.",3,"person"
"Moreno, Alejandro",1,"person"
"Moreno, Antonio de P.",1,"person"
"Moreno, Manuel",1,"person"
"Moret, Segismundo",3,"person"
"Morgado, José",1,"person"
"Morice, Charles",1,"person"
"Morote, Luis",1,"person"
"Morúa Delgado, Martín",2,"person"
"Mosquera, Tomás Cipriano de",7,"person"
"Mostajo, Francisco",2,"person"
"Mota",1,"person"
"Moussy, Martín de",1,"person"
"Mozo, Manuel F.",1,"person"
"Mucha, R.",2,"person"
"Muelas, Ramón",1,"person"
"Mullem, Louis",1,"person"
"Müller, Charles-Louis",1,"person"
"Munch, Edvard",1,"person"
"Munroo, Alick",1,"person"
"Muñoz Fernández, Francisco de Paula",1,"person"
"Muñoz Lucena, Tomás",1,"person"
"Muñoz y Cabrera, Lucas",1,"person"
"Muñoz, César J.",1,"person"
"Muñoz, Gabriel E.",2,"person"
"Muñoz, Luis J.",1,"person"
"Murena, Claudio",1,"person"
"Mürger, Henri",1,"person"
"Murger, Henry",1,"person"
"Murillo, Bartolomé Esteban",2,"person"
"Muro, José",1,"person"
"Muslares, Joaquín",1,"person"
"Musset, Alfred de",18,"person"
"N.",2,"person"
"Nadaud, Gustave",1,"person"
"Nakens, José",15,"person"
"Name missing",7,"person"
"Name on fragment missing",3,"person"
"Name on page missing",1,"person"
"Nanfa, Crisógono de",1,"person"
"Naranjo Martínez, Enrique",4,"person"
"Narváez, Antonio de",3,"person"
"Narváez, Roberto de",5,"person"
"Nauts, Carlos",2,"person"
"Navarrete",2,"person"
"Navarrete, Raoul M.",1,"person"
"Navarro Lamarca, Carlos",15,"person"
"Navarro M., J. R.",1,"person"
"Navarro Reverter, Juan",5,"person"
"Navarro y Ledesma, Francisco",3,"person"
"Navas Spínola, Domingo",1,"person"
"Navas, Miguel L.",1,"person"
"Nedber",1,"person"
"Negueri, D.",3,"person"
"Nereo, Marco",1,"person"
"Nervo, Amado",38,"person"
"Nessy, I.",2,"person"
"Nessy, J.",1,"person"
"Nicholson, William",1,"person"
"Nieremberg, Juan Eusebio",2,"person"
"Nieto Caballero, Agustín",21,"person"
"Nieto Caballero, Luis Eduardo",4,"person"
"Nieto, Ricardo",8,"person"
"Nietzsche, Friedrich",3,"person"
"Nin y Castellanos, Joaquín",5,"person"
"Nocem, César",2,"person"
"Nocém, César",1,"person"
"Nogales Nogales, José",1,"person"
"Nogales, José",2,"person"
"Noguera, Antonio",3,"person"
"Nogués, José María",42,"person"
"Nolasco Préndez, Pedro",1,"person"
"Nonell, Isidre",6,"person"
"Nordau, Max",1,"person"
"Noriac, Jules",1,"person"
"Noriega, Eloy",1,"person"
"Novaro, Bartolomé",2,"person"
"Novelo, José Inés",4,"person"
"Novicow, F.",1,"person"
"Novo y Colson, Pedro de",4,"person"
"Núñez de Arce, Gaspar",22,"person"
"Núñez y Domínguez, José de Jesús",1,"person"
"Núñez y Topete, Salomé",1,"person"
"Núñez, Carlos",1,"person"
"Núñez, Rafael",3,"person"
"O'Kelly, James J.",1,"person"
"O'Neille y Rosiñol, Juan",1,"person"
"O'Ryan y Vázquez, J.",1,"person"
"Obligado, Manuel de",1,"person"
"Obligado, Rafael",5,"person"
"Obregón, Bernardo",1,"person"
"Obregón, M. de",1,"person"
"Ochando, Federico",1,"person"
"Ochoa, José M.",6,"person"
"Ochoa, Rafael",2,"person"
"Odarp, J.",2,"person"
"Ohnet, Georges",1,"person"
"Ojeda Verduzco, Ignacio",1,"person"
"Olaguíbel, Francisco M. de",5,"person"
"Olano, Ricardo",6,"person"
"Olarte, Enrique",1,"person"
"Olaya Herrera, Enrique",3,"person"
"Olivares, Adolfo",1,"person"
"Oliveira Cézar, Filiberto de",1,"person"
"Oliver, Federico",1,"person"
"Oliver, Miquel dels Sants",4,"person"
"Olivos Carrasco, Horacio",1,"person"
"Oller, Narcís",2,"person"
"Olmedilla y Puig, Joaquín",7,"person"
"Onorato, Desiderio",1,"person"
"Opisso, Ricardo",1,"person"
"Orbe, T.",2,"person"
"Orbigny, Alcide Charles Victor Marie Dessalines de",1,"person"
"Ordás, Pablo",1,"person"
"Ordóñez, Mariano",1,"person"
"Orlando",1,"person"
"Orma, Adolfo Fermín",1,"person"
"Orrego Barros, Antonio",2,"person"
"Ors, Eugenio d'",2,"person"
"Orta y Azamor, Agustín de",1,"person"
"Ortega Munilla, José",3,"person"
"Ortega y Gasset, José",1,"person"
"Ortega, Alfonso",2,"person"
"Ortega, Alfredo",4,"person"
"Ortega, Alfredo Tomás",1,"person"
"Ortiz de Pinedo, José",3,"person"
"Ortiz de Pinedo, Manuel",11,"person"
"Ortiz V., Manuel",1,"person"
"Ortiz, Álvaro",1,"person"
"Ortiz, Antonio",1,"person"
"Ortiz, Daniel",1,"person"
"Ortiz, José Joaquín",2,"person"
"Ortiz, José María",1,"person"
"Ortiz, Nicolás",1,"person"
"Ortiz, Rafael",1,"person"
"Ortiz, Venancio",2,"person"
"Orts-Ramos, Tomás",6,"person"
"Ory, Eduardo de",2,"person"
"Oscariz, Victor",2,"person"
"Osmond, Eustache René d'",2,"person"
"Ospina Vásquez, Mariano",40,"person"
"Ospina Vásquez, Tulio",7,"person"
"Ospina, Pedro Nel",5,"person"
"Ossa, José Gregorio",2,"person"
"Ossa, Valentín",1,"person"
"Ossorio y Bernard, Manuel",14,"person"
"Othón, Manuel José",9,"person"
"Oury, Louis",1,"person"
"Ouvré, Henry",1,"person"
"Ovejero, Andrés",1,"person"
"Ovidius Naso, Publius",1,"person"
"Oyuela, Calixto",1,"person"
"P.",3,"person"
"P. A.",1,"person"
"P. del Valle, José",1,"person"
"P. M.",1,"person"
"P. y L., J.",1,"person"
"Pacheco, Francisco",1,"person"
"Páez Jaramillo, Federico",1,"person"
"Páez M., Julián",1,"person"
"Pagadizábal, Fermín",5,"person"
"Pagaza, Joaquín Arcadio",8,"person"
"Pahissa, Jaume",3,"person"
"Paillié, Francisco A.",4,"person"
"Palacio M., Obdulio",2,"person"
"Palacio Muñoz, Obdulio",3,"person"
"Palacio Uribe, Benjamín",1,"person"
"Palacio Uribe, Tomás",1,"person"
"Palacio Valdés, Armando",2,"person"
"Palacio, Eduardo A.",1,"person"
"Palacio, Ernesto O.",1,"person"
"Palacio, Manuel del",77,"person"
"Palacios Olmedo, Manuel de",2,"person"
"Palacios, Eustaquio",1,"person"
"Palacios, Pedro Bonifacio",1,"person"
"Paláu R., Antonio M.",1,"person"
"Paláu, Alfonso",16,"person"
"Paláu, Melchor de",40,"person"
"Palencia, Ceferino",1,"person"
"Pallares, Jacinto",1,"person"
"Palma, Clemente",12,"person"
"Palma, Ricardo",3,"person"
"Palmaroli González, Vicente",1,"person"
"Palomero Dechado, Antonio",22,"person"
"Panzaque",1,"person"
"Papadiamantopoulos, Ioannis",1,"person"
"Papini, Giovanni",1,"person"
"Paradoxa, S.",1,"person"
"Pardo Bazán, Emilia",18,"person"
"Pardo de Figueroa, Mariano",1,"person"
"Pardo Farelo, Enrique",8,"person"
"Pardo, Miguel Eduardo",3,"person"
"Pareja Serrada, Antonio",13,"person"
"Parellada, Pedro",1,"person"
"París, Gonzalo",2,"person"
"Paris, Luis",1,"person"
"París, Luis",1,"person"
"Parlow, Hans",1,"person"
"Parma, Juan de",1,"person"
"Parra Toro, Libardo",5,"person"
"Parra U., Pedro Tomás",1,"person"
"Parra, Gonzalo de la",1,"person"
"Parra, Manuel de la",1,"person"
"Parra, Porfirio",2,"person"
"Parrado, Gil",1,"person"
"Parrilla, H.",1,"person"
"Parsondes",1,"person"
"Parville, Henry de",1,"person"
"Pascal, Blaise",1,"person"
"Pascual Millán",1,"person"
"Pascual, Juan",1,"person"
"Paso, Manuel",4,"person"
"Pasquier, Étienne-Denis",6,"person"
"Pastor Ríos, Justo",1,"person"
"Pastor, Leandro Tomás",10,"person"
"Pat y Valle, Gonzalo",1,"person"
"Paterson, Roberto G.",1,"person"
"Paulo",1,"person"
"Peichersal, R.",1,"person"
"Peláez y Porta, Marcos",1,"person"
"Peláez, Anatolio",1,"person"
"Peláez, Aurelio",1,"person"
"Peláez, Fidel",1,"person"
"Pellegrini, Carlos",3,"person"
"Pellicer y López, Julio",2,"person"
"Peltier, Paul",1,"person"
"Penagos, Ranulfo",1,"person"
"Peña y Reyes, Antonio de la",3,"person"
"Peña, Pedro A.",1,"person"
"Peñafort, Raimundo de",5,"person"
"Peñaranda, Carlos",18,"person"
"Peón del Valle, José",12,"person"
"Peón y Contreras, José",3,"person"
"Pepe sin Métrica",1,"person"
"Perales, Enrique",1,"person"
"Pereda y Revilla, Vicente de",1,"person"
"Pereda, José María de",3,"person"
"Pereira Gamba, Fortunato",3,"person"
"Pereira Gamba, Próspero",16,"person"
"Pereira, Aureliano",1,"person"
"Pereyra, Miguel E.",7,"person"
"Pérez-Galdós, Benito",10,"person"
"Pérez Bonalde, Juan Antonio",1,"person"
"Pérez de Ayala, Ramón",35,"person"
"Pérez de Guzmán y Gallo, Juan",2,"person"
"Pérez de Munguía, Juan",1,"person"
"Pérez Donaz, Ernesto",1,"person"
"Pérez Jiménez, Nicolás",1,"person"
"Pérez Monsalva, Santiago",2,"person"
"Pérez Nieva, Alfonso",6,"person"
"Pérez Rojas, Sixto",1,"person"
"Pérez Triana, Santiago",27,"person"
"Pérez y González, Felipe",1,"person"
"Pérez y Pérez, Valentín",1,"person"
"Pérez Zúñiga, Juan",4,"person"
"Pérez, A. J.",1,"person"
"Pérez, Abel S.",1,"person"
"Pérez, Dionisio",3,"person"
"Pérez, Enrique",1,"person"
"Pérez, Felipe",1,"person"
"Pérez, Gregorio",1,"person"
"Pérez, Manuel R.",1,"person"
"Pérez, Rafael",1,"person"
"Perfecto Minuta",1,"person"
"Perrier, Joseph-Luis",1,"person"
"Peseux-Richard, H.",1,"person"
"Peza, Juan de Dios",5,"person"
"Pezoa Véliz, Carlos",5,"person"
"Pí y Margall, Francisco",4,"person"
"Picasso, Pablo",26,"person"
"Pichardo S., Manuel",1,"person"
"Pichardo, Manuel Serafín",1,"person"
"Pichot, José",8,"person"
"Pichot, Ramón",3,"person"
"Picolo, Manuel",8,"person"
"Picón-Febres, Gonzalo",3,"person"
"Picón Febrés, Gonzalo",1,"person"
"Picón, Jacinto Octavio",10,"person"
"Pieltain, Ricardo",1,"person"
"Piernas y Hurtado, José Manuel",3,"person"
"Pijoán, José",2,"person"
"Pillo, C.",1,"person"
"Pilon, Edmond",1,"person"
"Pimentel Coronel, Manuel",1,"person"
"Pimentel, Emilio",1,"person"
"Pinto, Eliseo",1,"person"
"Pinto, Manuel M.",2,"person"
"Pinxit, Ch. Gill",1,"person"
"Piñeyro, Enrique",1,"person"
"Pirala, Antonio",10,"person"
"Pisemskij, Aleksej Feofilaktovich",4,"person"
"Pizano, Marco A.",1,"person"
"Pizarro, Alejandro",3,"person"
"Plasencia",1,"person"
"Plato",1,"person"
"Platón",1,"person"
"Plaza Ferrand, Marcial",1,"person"
"Plaza, Nicanor",1,"person"
"Pleguezuelo, Francisco",13,"person"
"Poe, Edgar Allan",6,"person"
"Poggio, José Arturo",1,"person"
"Pomar, José",1,"person"
"Pombo, Jorge",1,"person"
"Pombo, Lino de",1,"person"
"Pombo, Rafael",10,"person"
"Ponce de León, Néstor",1,"person"
"Ponce, José",1,"person"
"Pons y Umbert, Adolfo",1,"person"
"Pontes, A.",2,"person"
"Pontmercy, Marius",1,"person"
"Porcar y Tió, Manuel",1,"person"
"Porras, José Ángel",3,"person"
"Portalis, Roger",2,"person"
"Posada Arango, Andrés",3,"person"
"Posada Hernández, Antonio",5,"person"
"Posada, Adolfo",2,"person"
"Posada, Eduardo",12,"person"
"Posada, Guillermo",8,"person"
"Poveda, Julio",18,"person"
"Poyatos, Victoriano",1,"person"
"Pradels, Octave",1,"person"
"Prado, J.",2,"person"
"Préndez Murúa, Pedro Nolasco",1,"person"
"Presos de las cárceles nacionales de Barcelona",3,"person"
"Presos de las cárceles nacionales y del castillo de Montjuich de Barcelona",2,"person"
"Presos del castillo de Montjuich",1,"person"
"Presos del castillo de Montjuich y de las cárceles nacionales de Barcelona",1,"person"
"Prevost, Marcel",1,"person"
"Prévost, Marcel",7,"person"
"Prieto Mera, Francisco",3,"person"
"Prieto Valdés, Casimiro",1,"person"
"Prieto, Guillermo",4,"person"
"Prim, Juan",1,"person"
"Primo de Rivera y Sobremonte, Fernando",2,"person"
"Primo de Rivera, Rafael",1,"person"
"Príncipe y Satorres, Enrique",36,"person"
"Príncipe, Miguel Agustín",3,"person"
"Prudhomme, Sully",14,"person"
"Prugent Lobera, Enrique",14,"person"
"Pruneda, Álvaro",1,"person"
"Prutz, Robert",1,"person"
"Puebla, Dionisio",1,"person"
"Pueyrredón, Juan Martín de",3,"person"
"Puga de Losada, Amalia",1,"person"
"Puga y Acal, Manuel",3,"person"
"Pujol Martínez, Juan",1,"person"
"Pulido, Ángel",1,"person"
"Puvis de Chavannes, Pierre",9,"person"
"Puyo, Constant",1,"person"
"Queirós, Eça de",1,"person"
"Quental, Antero de",1,"person"
"Querol Subirats, Agustín",4,"person"
"Querol, Agustín",4,"person"
"Querol, Vicente",1,"person"
"Quesada, Ernesto",1,"person"
"Quesnel, Léo",2,"person"
"Quevedo Álvarez, Tomás",5,"person"
"Quevedo y Zubieta, Salvador",2,"person"
"Quevedo, Francisco de",1,"person"
"Quijano Torres, Antonio",1,"person"
"Quijano, Arturo",7,"person"
"Quijano, Arturo A.",1,"person"
"Quintana, Manuel José",2,"person"
"Quinto, Pío",3,"person"
"R.",2,"person"
"R. P.",7,"person"
"R. P. R.",1,"person"
"R.D.",1,"person"
"R.S.",3,"person"
"Rabot, Charles",1,"person"
"Rachilde",1,"person"
"Rada y Delgado, Juan de Díos de la",1,"person"
"Radesal",2,"person"
"Rafart, Eugenio",1,"person"
"Rameau, Jean",1,"person"
"Ramírez Ángel, Emiliano",6,"person"
"Ramírez de Saavedra, Enrique (Duque de Rivas)",22,"person"
"Ramírez G., Enrique",2,"person"
"Ramírez y Doreste, Rafael",1,"person"
"Ramírez, Clodomiro",2,"person"
"Ramón y Cajal, Santiago",6,"person"
"Ramos Calderón, Antonio",5,"person"
"Ramos Carrión, Miguel",3,"person"
"Ramos Mejía, Francisco",1,"person"
"Ramos Mejía, José María",2,"person"
"Ramos Ruiz, Gonzalo",1,"person"
"Ramos Urdaneta, Alfredo",6,"person"
"Ramos, José Luis",1,"person"
"Rasch Isla, Miguel",5,"person"
"Raurich, Nicolau",1,"person"
"Raymond, de Penyafort, Saint",1,"person"
"Real de Azúa, Gabriel",1,"person"
"Rebell, Hugues",1,"person"
"Reboux, Paul",1,"person"
"Recio de Tirteafuera, Pedro",2,"person"
"Reclus, Jacques Élisée",1,"person"
"Reglero Soto, Antonio",1,"person"
"Régnier, Henri de",3,"person"
"Regoyos, Dario de",18,"person"
"Reibrach, Jean",1,"person"
"Reina, Manuel",14,"person"
"Remo, M.",1,"person"
"Remouchamps, Victor",1,"person"
"Rémy, François",4,"person"
"Renan, Ernest",6,"person"
"Renard, Jules",1,"person"
"Rendón, Francisco de Paula",3,"person"
"Rendón, Ricardo",20,"person"
"Reparaz, Gonzalo de",1,"person"
"Répide, Pedro de",3,"person"
"Restrepo Briceño, Fernando",1,"person"
"Restrepo E., José Vicente",1,"person"
"Restrepo Euse, Álvaro",3,"person"
"Restrepo Gómez, Francisco",3,"person"
"Restrepo Jaramillo, José Luis",1,"person"
"Restrepo Maya, José María",3,"person"
"Restrepo Olarte, Jesús",5,"person"
"Restrepo Restrepo, Antonio María",34,"person"
"Restrepo Restrepo, Carlos Eugenio",15,"person"
"Restrepo Rivera, J.",2,"person"
"Restrepo Rivera, Jesús",3,"person"
"Restrepo Rivera, José",6,"person"
"Restrepo Sáenz, José María",1,"person"
"Restrepo Tirado, Ernesto",19,"person"
"Restrepo Vélez, José Manuel",2,"person"
"Restrepo, Antonio José",5,"person"
"Restrepo, José Manuel",10,"person"
"Restrepo, José María",2,"person"
"Restrepo, Juan de Dios",2,"person"
"Restrepo, Lisandro",2,"person"
"Restrepo, Lucio A.",5,"person"
"Restrepo, Paulo Emilio",3,"person"
"Restrepo, Saturnino",59,"person"
"Restrepo, Vicente",17,"person"
"Reszka Moreau, Pedro A.",1,"person"
"Retana, W. E. (Wenceslao Emilio)",1,"person"
"Retté, Adolphe",1,"person"
"Reventós, R.",1,"person"
"Reventos, Ramón",1,"person"
"Revilla, Manuel de la",2,"person"
"Rey Marzal, Arturo",1,"person"
"Reyes y Borda, Manuel José de",1,"person"
"Reyes, Alfonso",1,"person"
"Reyes, Arturo",8,"person"
"Reyles, Carlos",1,"person"
"Reynals, Olaguer",2,"person"
"Reyrols, Raoul de",1,"person"
"Ribera i Cibrera, Romà",1,"person"
"Ribera, José de",1,"person"
"Ribeyro, Jacinto",17,"person"
"Riche, Iván",1,"person"
"Richepin, Jean",13,"person"
"Richter, Johann Paul Friedrich",12,"person"
"Río, Juan del",1,"person"
"Rios de Lamperez, Blanca de los",1,"person"
"Ríos, E.",1,"person"
"Ríos, J. Q. de los",1,"person"
"Riquelme, A.",1,"person"
"Riquer, Alexandre de",15,"person"
"Riquetti de Mirabeau, Sibylle Gabrielle",1,"person"
"Ritter, William",1,"person"
"Riva Palacio, Vicente",1,"person"
"Rivas Frade, Federico",15,"person"
"Rivas Groot, Evaristo",1,"person"
"Rivas Groot, José María",4,"person"
"Rivas, Ángel C.",1,"person"
"Rivas, Emilio",1,"person"
"Rivas, Medardo",4,"person"
"Rivas, Raimundo",22,"person"
"Rivera del Pino, Joaquín",10,"person"
"Rivera y Garrido, Luciano",4,"person"
"Rivera, José Eustasio",2,"person"
"Rivero, R. del",6,"person"
"Riveros Z., L.",1,"person"
"Rizal, José",1,"person"
"Roa Bárcena, José María",2,"person"
"Robert, Louis de",6,"person"
"Robert, Roberto",1,"person"
"Robledo J., Alfonso",1,"person"
"Robledo Villa, Alonso",1,"person"
"Robledo, Emilio",3,"person"
"Robledo, Eusebio",11,"person"
"Robledo, Jorge Samuel",2,"person"
"Robles y Suárez, Pedro",1,"person"
"Roca, Miguel A.",1,"person"
"Roca, Venancio",1,"person"
"Rocar, V.",1,"person"
"Rocha, Joaquín",1,"person"
"Roche, Ernest",1,"person"
"Rochefort, Henri",2,"person"
"Rochegrosse, J.",1,"person"
"Rodao, José",1,"person"
"Ródenas, Miguel A.",9,"person"
"Rodenbach, Georges",1,"person"
"Rodin, Auguste",1,"person"
"Rodó, José Enrique",4,"person"
"Rodrigo, Gerardo",23,"person"
"Rodríguez-Émbil, Luis",2,"person"
"Rodríguez Abarrátegui, Ignacio",1,"person"
"Rodríguez Carracido, José",2,"person"
"Rodríguez de Rubio, Matilde",1,"person"
"Rodríguez de Ureta, Antonia",5,"person"
"Rodríguez G., Sixto",1,"person"
"Rodríguez Larreta, Enrique",2,"person"
"Rodríguez Lecomme, José",1,"person"
"Rodríguez Méndez y Lacoste",5,"person"
"Rodríguez Moya, Francisco",5,"person"
"Rodríguez O., Eugenio",2,"person"
"Rodríguez Rendueles, M.",1,"person"
"Rodríguez Rojas, Alfredo",6,"person"
"Rodríguez Serra, Bernardo",2,"person"
"Rodríguez Zapata, Francisco",1,"person"
"Rodríguez, Alfredo",1,"person"
"Rodríguez, Alfredo J.",1,"person"
"Rodríguez, Enrique",1,"person"
"Rodríguez, Fermín (hijo)",1,"person"
"Rodríguez, Horacio Marino",123,"person"
"Rodríguez, José Ignacio",2,"person"
"Rodríguez, Manuel",1,"person"
"Rodríguez, Melitón",5,"person"
"Rodríguez, Vicente",1,"person"
"Rogers, James E. Thorold",1,"person"
"Rognin, M.",1,"person"
"Roig, Marian",2,"person"
"Rojas, Julio A.",1,"person"
"Rojas, Ricardo",1,"person"
"Roleva, Albert",1,"person"
"Rollinat, Maurice",4,"person"
"Román, J.",7,"person"
"Román, José Antonio",1,"person"
"Romanones, Alvaro Figueroa y Torres, conde de",1,"person"
"Romea, Julián",4,"person"
"Romero A., Ángel María",3,"person"
"Romero de Tejada, Antonio",1,"person"
"Romero de Torres, Julio",1,"person"
"Romero García, Manuel Vicente",3,"person"
"Romero Ortiz, Antonio",1,"person"
"Romero P., Carlos",1,"person"
"Romero Robledo, Francisco",4,"person"
"Romero, E.",1,"person"
"Romero, Matías",1,"person"
"Romero, Miguel",1,"person"
"Romo, Paulino",1,"person"
"Rosa, Leopoldo de la",1,"person"
"Rosales",1,"person"
"Rosales, Carlos N.",2,"person"
"Rosales, Eduardo",1,"person"
"Rosas, Gabriel",1,"person"
"Rossel, Juan C.",1,"person"
"Rossel, Juan G.",1,"person"
"Roure, José de",6,"person"
"Roux, Hugo Le",1,"person"
"Roviralta, Josep Maria",31,"person"
"Roxlo, Carlos",1,"person"
"Royo Villanova, Antonio",1,"person"
"Rozo Martínez, Darío",1,"person"
"RR.LL",1,"person"
"Rubens, Peter Paul",7,"person"
"Rubí, Rubén",1,"person"
"Rubin, Luis G.",3,"person"
"Rubió y Ors, Joaquín",1,"person"
"Rubio, Antonio",5,"person"
"Rubio, Carlos",2,"person"
"Rudy, Ch.",1,"person"
"Rueda López, Francisco",3,"person"
"Rueda Vargas, Tomás",4,"person"
"Rueda, Salvador",70,"person"
"Ruíz",2,"person"
"Ruiz-Castillo, José",11,"person"
"Ruiz-Castizo Ariza, José",1,"person"
"Ruiz Aguilera, Ventura",3,"person"
"Ruíz Castillo, José",1,"person"
"Ruiz Contreras, Luis",30,"person"
"Ruíz de Velasco, Bonifacio",2,"person"
"Ruíz Enríquez, Pascual",1,"person"
"Ruíz Jiménez, J.",1,"person"
"Ruíz Martín, Luciano",2,"person"
"Ruíz Morales, Manuel",1,"person"
"Ruíz, Dael",12,"person"
"Ruíz, Diego",1,"person"
"Ruíz, Enrique",1,"person"
"Ruíz, Julián C.",1,"person"
"Rulo, Manuel M.",1,"person"
"Ruperto",6,"person"
"Rusiñol, Santiago",22,"person"
"S.",4,"person"
"S. Z.",1,"person"
"Saavedra Fajardo, Diego de",1,"person"
"Saavedra Galindo, José Manuel",1,"person"
"Saavedra Molina, Julio",1,"person"
"Saavedra, Ángel de",1,"person"
"Saavedra, Ángel de (El Duque de Rivas)",1,"person"
"Saavedra, Cornelio de",1,"person"
"Saavedra, Francisco",1,"person"
"Sabau y Larroya, Pedro",2,"person"
"Sacher-Masoch, Leopold von",2,"person"
"Saco, Eduardo",1,"person"
"Saco, José Antonio",1,"person"
"Sáenz Peña, Roque",4,"person"
"Sáenz, Pedro",1,"person"
"Sain, Edouard Alexandre",2,"person"
"Sains de Cavia, Manuel José",1,"person"
"Sains de Cavia, Pedro Feliciano",1,"person"
"Saint-Point, Valentine de",1,"person"
"Saint-Victor, Paul de",3,"person"
"Saint Aubin",1,"person"
"Saiz Otero, Concepción",1,"person"
"Saíz, José María",1,"person"
"Sala i Francès, Emili",14,"person"
"Sala, E.",1,"person"
"Sala, Pedro",1,"person"
"Salam, Heleh",1,"person"
"Salamanca Torres, Demetrio",1,"person"
"Salas Antón, Juan",3,"person"
"Salas, Emilio",1,"person"
"Salas, José de",1,"person"
"Salaverría, José María",1,"person"
"Salazar Álvarez, José María",1,"person"
"Salazar H. Jerónimo",1,"person"
"Salazar, Abel C.",1,"person"
"Saldías, Adolfo",1,"person"
"Salduba",1,"person"
"Sales, Jacobo",3,"person"
"Salmerón y Alonso, Nicolás",3,"person"
"Salmerón y García, Nicolás",14,"person"
"Salvador y Rodrigáñez, Amós",1,"person"
"Salvandy, Narcisse-Achille de",1,"person"
"Salvat i Espasa, Pablo",2,"person"
"Salzillo y Alcaraz, Francisco",1,"person"
"Samper de Ancízar, Agripina",1,"person"
"Samper, Emilio",2,"person"
"Samper, José María",1,"person"
"Samper, Miguel",1,"person"
"Samsó, Juan",1,"person"
"Sancha Lengo, Francisco",39,"person"
"Sánchez Arévalo, C.",1,"person"
"Sánchez Aroca, Rafaela",1,"person"
"Sánchez Azcona, Juan",9,"person"
"Sánchez Covisa, Fernando",20,"person"
"Sanchéz de Iriarte, Alberto",1,"person"
"Sánchez Díaz, Ramón",1,"person"
"Sánchez Garay, Concepción",12,"person"
"Sánchez González, José",1,"person"
"Sánchez Guerra, José",2,"person"
"Sánchez Paso, Fernando",2,"person"
"Sánchez Pastor, Emilio",3,"person"
"Sánchez Pérez, Antonio",17,"person"
"Sánchez Pesquera, Miguel",39,"person"
"Sánchez Ramírez, Ricardo",1,"person"
"Sánchez Ramón, A",1,"person"
"Sánchez y Rubio, Eduardo",17,"person"
"Sánchez, Alberto",24,"person"
"Sancho Panza",1,"person"
"Sancho, Federico de",1,"person"
"Sancho, V. G.",1,"person"
"Sanguily, Manuel",1,"person"
"Sanhueza Oliva, Alfredo",1,"person"
"Sánico, Francisco P.",1,"person"
"Sanín Cano, Baldomero",46,"person"
"Sanmartin, P. de",1,"person"
"Sans-Géne",1,"person"
"Sant Pinxit",1,"person"
"Santa María Vermersch, R.",1,"person"
"Santa María, Andrés de",1,"person"
"Santaclara, A. de",18,"person"
"Santamaría, Nepomuceno",1,"person"
"Santillán, Ignacio de",1,"person"
"Santos, Eduardo",2,"person"
"Santos, Gustavo",12,"person"
"Saornil Lorenzo, Eleuterio",1,"person"
"Saravia, Hermógenes",1,"person"
"Sarcey, Francisque",1,"person"
"Saridakis, Juan de",1,"person"
"Sarmiento, Domingo Faustino",24,"person"
"Sasiam, Eusebio",1,"person"
"Sassone, Felipe",1,"person"
"Sastrón, Manuel",1,"person"
"Satterfield, Robert William",1,"person"
"Sauvage, L. F.",1,"person"
"Savage, Richard Henry",6,"person"
"Sawa, Alejandro",14,"person"
"Sawa, Miguel",8,"person"
"Sbarbi y Osuna, José María",1,"person"
"Scarpetta, Oswaldo",1,"person"
"Schafi, Mirza",1,"person"
"Schiaffino, Eduardo",3,"person"
"Schiller, Friedrich",4,"person"
"Schlumberger, C.",1,"person"
"Scholl, Aurélien",4,"person"
"Schopenhauer, Arthur",2,"person"
"Schwabe, Carlos",1,"person"
"Schwalbach, Eduardo",1,"person"
"Schwob, L.",1,"person"
"Schwob, Marcel",8,"person"
"Scott, Walter",1,"person"
"Scribe, Eugène",1,"person"
"Seeber, Francisco",3,"person"
"Segovia, Antonio María",1,"person"
"Segovia, L.",1,"person"
"Ségur, Eugène de",1,"person"
"Segura, Joaquín",8,"person"
"Selgas, José",1,"person"
"Sellaré, S.",1,"person"
"Sellarés, J.",1,"person"
"Sellés, Eugenio",9,"person"
"Sepúlveda, Ricardo",25,"person"
"Serao, Matilde",3,"person"
"Serna, Justo de la",1,"person"
"Serra Auqué, Enric",3,"person"
"Serra, Narciso",1,"person"
"Serrano Álcazar, Rafael",1,"person"
"Serrano de la Pedrosa, Francisco",1,"person"
"Serrat, Carlos M.",1,"person"
"Severín",4,"person"
"Sevilla, Fernando",1,"person"
"Sevilla, Rafael",1,"person"
"Shakespeare, William",9,"person"
"Shelley, Percy Bysshe",4,"person"
"Sienkiewicz, Henryk",1,"person"
"Sierra, José M.",1,"person"
"Sierra, Justo",11,"person"
"Sierra, Santiago",1,"person"
"Siles, José de",4,"person"
"Silva Cruz, Carlos",1,"person"
"Silva Guerra, Julio M.",1,"person"
"Silva Vidal, Ismael",1,"person"
"Silva Vildósola, Carlos",1,"person"
"Silva, Clímaco",1,"person"
"Silva, José Asunción",18,"person"
"Silvela Casado, Mateo",1,"person"
"Silvela, Francisco",17,"person"
"Silvestre, Armand",5,"person"
"Simarro, Juan",1,"person"
"Simón, Julio",1,"person"
"Simonetti, Attilio",1,"person"
"Sinués de Marco, María del Pilar",1,"person"
"Sivry, Charles de",1,"person"
"Sleig, Bernard",1,"person"
"Solano Patiño, José",4,"person"
"Solano, Armando",1,"person"
"Solar de Alba",4,"person"
"Solar, José del",5,"person"
"Solé de Sojo, Vicente",1,"person"
"Soler Planas, Luis",1,"person"
"Soler, Antonio",1,"person"
"Soler, Eduardo",1,"person"
"Soler, Francisco de A.",20,"person"
"Solis, Ezequiel",1,"person"
"Solórzano, J. Antonio",1,"person"
"Solsona y Baselga, Conrado",1,"person"
"Somar",3,"person"
"Sorel, F. de",1,"person"
"Soria  y Mata, Arturo",1,"person"
"Soriano de Castro, José",1,"person"
"Soriano Fort, José",1,"person"
"Soriano y Barroeta-Aldamar, Rodrigo",2,"person"
"Soriano, Manuel",2,"person"
"Soriano, Nicolás",1,"person"
"Soriano, Rodrigo",12,"person"
"Soroa Lasa, Marcelino",2,"person"
"Sorolla Labastida, Joaquín",1,"person"
"Sorolla, Joaquín",4,"person"
"Soto Álvarez, Carlos",4,"person"
"Soto Borda, Clímaco",10,"person"
"Soto, Aquilino",1,"person"
"Soulaine, Pierre",1,"person"
"Sousa, Lope de",1,"person"
"Sprenger, W.",1,"person"
"Stecchetti, Lorenzo",2,"person"
"Steinlen, Théophile-Alexandre",2,"person"
"Suarès, André",1,"person"
"Suárez de Figueroa, José",1,"person"
"Suárez O., Emma",1,"person"
"Suárez, Roberto",2,"person"
"Sudermann, Hermann",1,"person"
"Südfeld, Simon Maximilian",6,"person"
"Sumner, Heywood",1,"person"
"Susillo, Antonio",2,"person"
"Tabas, A.",1,"person"
"Tablada, José Juan",13,"person"
"Tablada, Luis de",4,"person"
"Taboada, Luis",6,"person"
"Tagore, Rabindranath",8,"person"
"Tailhade, Laurent",1,"person"
"Taine, Hippolyte",10,"person"
"Talero Núñez, Eduardo",1,"person"
"Talero, Eduardo",2,"person"
"Tallet, Gabriel",1,"person"
"Talleyrand, Charles Maurice de",1,"person"
"Tamames",1,"person"
"Tamayo, Carlos",1,"person"
"Tapia, Luis de",14,"person"
"Tarkulyan, Bogos",1,"person"
"Tarling, C. T.",1,"person"
"Taslins, G. T.",1,"person"
"Taunay, Vizconde de",2,"person"
"Tavera C., Rafael",1,"person"
"Teixeira, Antonio",2,"person"
"Teja Zabre, Alfonso",1,"person"
"Tejada Córdoba, Benjamín",11,"person"
"Tejada, Temístocles",1,"person"
"Tejera, Diego Vicente",1,"person"
"Tejera, Felipe",1,"person"
"Tellechea, Francisco de",1,"person"
"Teloncillo",2,"person"
"Tennyson, Alfred",1,"person"
"Teócrito",1,"person"
"Terán, Luis de",3,"person"
"Terán, Luis María",1,"person"
"Terri, Jaume",1,"person"
"Terry, José Antonio",4,"person"
"Th?????? H????, Thomas",1,"person"
"Thackeray, William Makepeace",1,"person"
"Thein, Max",2,"person"
"Théuriet, André",2,"person"
"Thiers, Adolphe",1,"person"
"Thiriet, Henry",1,"person"
"Thivars, Michel",1,"person"
"Thomson Ortiz, Manuel",9,"person"
"Thoreau, Henry David",1,"person"
"Tinseau, Léon de",2,"person"
"Tío Grulo",5,"person"
"Tirado Macías, Ricardo",1,"person"
"Tiziano, Vecellio",2,"person"
"Tobar, Alfonso",3,"person"
"Tobón Mejía, Marco",57,"person"
"Toché, Raoul",1,"person"
"Tolosa Latour, Manuel",1,"person"
"Tolstói, Lev Nikoláievich",3,"person"
"Tolstoj, Lev Nikolaevic",9,"person"
"Tomás Salvany, Juan",1,"person"
"Tondreau, N.",1,"person"
"Torent, Evelio",2,"person"
"Toribio Marina",1,"person"
"Tornor, F. M.",1,"person"
"Toro, Luis del",4,"person"
"Torras, J.",1,"person"
"Torre López, Antonio de la",3,"person"
"Torre, Francisco de la",1,"person"
"Torrecilla, Valentín",1,"person"
"Torres-García, Joaquín",6,"person"
"Torres Durán, Carlos",1,"person"
"Torres Méndez, Ramón",1,"person"
"Torres Pinzón, Carlos A.",6,"person"
"Torres Torija, Manuel",4,"person"
"Torres Umaña, Calixto",2,"person"
"Torres, Carlos Arturo",7,"person"
"Toudouze, Georges-Gustave",1,"person"
"Toulet, Paul-Jean",1,"person"
"Toussaint, René-Jean",11,"person"
"Tovar, Manuel",6,"person"
"Trejo, Joaquín",2,"person"
"Trespalacios, Jesús María",1,"person"
"Triana, Miguel",5,"person"
"Trigo, Felipe",6,"person"
"Trilles, Miguel Ángel",3,"person"
"Trilles, Ramón",1,"person"
"Tronchet, Guillaume",2,"person"
"Troyo, Rafael Ángel",1,"person"
"Tubau, María",1,"person"
"Turcios, Froylán",16,"person"
"Turgenev, Ivan",14,"person"
"Turista",2,"person"
"Turot, Henri",1,"person"
"Twain, Marc",1,"person"
"Twain, Mark",1,"person"
"Ubeda Correal, José",1,"person"
"Ugarte, Javier",3,"person"
"Ugarte, Manuel",8,"person"
"Ugarte, Miguel",4,"person"
"Uhland, Ludwig",1,"person"
"Uhrbach, Carlos Pío",5,"person"
"Uhrbach, Federico",3,"person"
"Un chico de la escuela",1,"person"
"Un dependiente",2,"person"
"Un entrometido",1,"person"
"Un Macero del Congreso",18,"person"
"Un manolo viejo",1,"person"
"Un pintor de brocha",4,"person"
"Un prójimo",1,"person"
"Un republicano socialista",1,"person"
"Un viejo",1,"person"
"Un viejo conservador",1,"person"
"Unamuno, Miguel de",50,"person"
"Unceta y López, Marcelino de",3,"person"
"Unciti, F. M.",1,"person"
"Undurraga, Agustín",2,"person"
"Uno de Daimiel",1,"person"
"Uno que fue amigo de Barrutia",38,"person"
"Urales, Federico",6,"person"
"Urbaneja Achelpohl, Luis M.",3,"person"
"Urbano, Rafael",4,"person"
"Urbina, Luis G.",23,"person"
"Urdaneta Ramos, Alfredo",1,"person"
"Urdaneta, Alberto",1,"person"
"Ureña, Daniel",1,"person"
"Uribe Ángel, Manuel",15,"person"
"Uribe Arango, Marcelino",1,"person"
"Uribe Gómez, Pedro",4,"person"
"Uribe Holguín, Guillermo",2,"person"
"Uribe Mejía, Francisco Antonio",1,"person"
"Uribe Uribe, Rafael",1,"person"
"Uribe, Basiliso",1,"person"
"Uribe, Diego",11,"person"
"Uribe, Gustavo",1,"person"
"Uribe, Joaquín Antonio",2,"person"
"Uribe, Martín",1,"person"
"Urrecha, Federico",2,"person"
"Urrutia, Francisco José",3,"person"
"Urueta, Jesús",10,"person"
"Urzúa S., F. Javier",1,"person"
"Usera y Sánchez, Marcelo de",1,"person"
"Utrillo, Miguel",3,"person"
"V.",1,"person"
"V. V.",1,"person"
"Vaca, Vicente",2,"person"
"Vafri",1,"person"
"Val, Luis de",1,"person"
"Valbuena Valverde, Francisco",1,"person"
"Valbuena, Antonio de",1,"person"
"Valcarce García, Javier",1,"person"
"Valcárcel Romeu, Manuel",23,"person"
"Valderrama, Felipe",12,"person"
"Valdés, Julio César",1,"person"
"Valdivia, Aniceto",5,"person"
"Valdivieso, Dio Armando",1,"person"
"Valencia, Francisco",20,"person"
"Valencia, Guillermo",6,"person"
"Valencia, Miguel Santiago",4,"person"
"Valentí Camp, Santiago",7,"person"
"Valentí, Rubén",1,"person"
"Valenzuela Llanos, Alberto",1,"person"
"Valenzuela Olivos, Eduardo",4,"person"
"Valenzuela Puelma, Alfredo",2,"person"
"Valenzuela, Benigno",1,"person"
"Valenzuela, Eduardo",1,"person"
"Valenzuela, Emilio",1,"person"
"Valenzuela, Jesús E.",16,"person"
"Valenzuela, Teodoro",1,"person"
"Valera, Juan",8,"person"
"Valera, Luis",1,"person"
"Valero de Tornos, Juan",135,"person"
"Valero Martín, Alberto",14,"person"
"Valero Martín, Gonzalo",1,"person"
"Valero Martín, Juan",1,"person"
"Valero Martín, Luis",1,"person"
"Valladar, Francisco de Paula",2,"person"
"Valle",1,"person"
"Valle-Inclán, Ramón del",11,"person"
"Valle, Adrián del",4,"person"
"Valle, Bolivia",1,"person"
"Valle, Eduardo del",1,"person"
"Vallejo, Francisco Luis de",1,"person"
"Vallejo, Juan",2,"person"
"Vallejo, Mariano",17,"person"
"Vallés, L.",1,"person"
"Vallés, Leopoldo",2,"person"
"Vallette-Eymery, Marguerite",1,"person"
"Van Rysselberghe, Théo",1,"person"
"Vandine, Mary E.",1,"person"
"Varas Espinosa, Manuel J.",1,"person"
"Varela, Aurelio",1,"person"
"Vargas Tamayo, Roberto",3,"person"
"Vargas Vila, José María",5,"person"
"Vargas, Justo",1,"person"
"Varigny, Charles Victor Crosnier",1,"person"
"Varona Murias, Francisco",1,"person"
"Varona, Enrique José",2,"person"
"Vasco, Eduardo",7,"person"
"Vaso, José G.",1,"person"
"Vásquez Barreneche, Alejandro",1,"person"
"Vásquez Guarda, Efraím",1,"person"
"Vásquez, Honorato",1,"person"
"Vásquez, Juan de Dios",5,"person"
"Vedia, Agustín de",1,"person"
"Vega Serrano, José de la",1,"person"
"Vega y Carrasco, Angel de la",1,"person"
"Vega, Alejandro",6,"person"
"Vega, Enrique de la",1,"person"
"Vega, Lope de",3,"person"
"Vega, Ricardo de la",9,"person"
"Vegue y Goldoni, Ángel",4,"person"
"Velao Collado, Darío",2,"person"
"Velarde, J.",1,"person"
"Velarde, Samuel",2,"person"
"Velasco, José",1,"person"
"Velasco, Manuel de",1,"person"
"Velásquez Botero, Samuel",8,"person"
"Velásquez García, José",33,"person"
"Velásquez, Edmundo",4,"person"
"Velásquez, Miguel A.",1,"person"
"Velázquez, Alejandro",1,"person"
"Velázquez, Diego",3,"person"
"Velázquez, Samuel",1,"person"
"Vélez Barrientos, Lucrecio",14,"person"
"Vélez Sarsfield, Dalmacio",2,"person"
"Vélez, Bonifacio",5,"person"
"Vélez, Salvador",3,"person"
"Vélez, Victoriano",8,"person"
"Velilla Yepes, Samuel",1,"person"
"Ventura, Arturo",1,"person"
"Vera, Vicente",1,"person"
"Verbrugghe, George",2,"person"
"Verbrugghe, Louis Emile",2,"person"
"Verdaguer, Jacint",4,"person"
"Verdes Montenegro y Montóro, José",5,"person"
"Verdes Montenegro, José",5,"person"
"Verdi, Napoleón R.",1,"person"
"Verdugo Landi, Francisco",9,"person"
"Verdugo Landi, Ricardo",5,"person"
"Verdugo, B. G.",1,"person"
"Verdugo, F.",2,"person"
"Vereas, J.",1,"person"
"Vergara Osses, Ulises",1,"person"
"Vergara y Vergara, José María",1,"person"
"Verhaeren, Émile",7,"person"
"Verlaine, Paul",17,"person"
"Vermay y Mantilla, J.",1,"person"
"Vermersch, R. Santa María",3,"person"
"Vicaire, Gabriel",1,"person"
"Vicen, Jerónimo",1,"person"
"Vicent, José",1,"person"
"Vicente Casanova y Marzol",1,"person"
"Vicenti, Alfredo",1,"person"
"Vidal Pacheco, Gonzalo",4,"person"
"Vidal y Careta, Francisco",2,"person"
"Vidal, Enrique",3,"person"
"Vidal, Fabián",3,"person"
"Vidal, Gonzalo",5,"person"
"Vielé-Griffin, Francis",1,"person"
"Vila, Pablo",2,"person"
"Viladot, Onofre",2,"person"
"Vilgio, Leo",1,"person"
"Villa Carrasquilla, Jorge",6,"person"
"Villa López, Francisco",3,"person"
"Villa Vélez, Eduardo",2,"person"
"Villaespesa, Francisco",9,"person"
"Villafañe, Carlos",9,"person"
"Villahermosa y Borao, Pedro Antonio",4,"person"
"Villalba",2,"person"
"Villalpando, Jesús",1,"person"
"Villamartín, Isabel de",1,"person"
"Villanueva y Gómez, Miguel",1,"person"
"Villar Besada, Cesáreo del",30,"person"
"Villegas Arango, Alfonso",1,"person"
"Villegas, Aquilino",6,"person"
"Villegas, José",1,"person"
"Villegas, Luis Eduardo",5,"person"
"Villegas, Marco A.",1,"person"
"Villiers de L'Isle-Adam, Auguste de",2,"person"
"Villota, Manuel de",1,"person"
"Vinaixa, J. Jorge",1,"person"
"Virués, Gregorio",1,"person"
"Visan, Tancrède de",1,"person"
"Viura, Xavier",1,"person"
"Vives, Luis",5,"person"
"Vogüé, Eugène Melchior de",1,"person"
"Volkmann-Leander, Richard von",1,"person"
"Volney",1,"person"
"Wadsworth Longfellow, Henry",2,"person"
"Wagner, Cosima",1,"person"
"Wagner, Richard",1,"person"
"Walker Martínez, Carlos",1,"person"
"Wanderer",3,"person"
"Wellington, Arthur Wellesley",1,"person"
"Werner, C. von",2,"person"
"Werther",4,"person"
"Weyler, Valeriano",1,"person"
"Wied, Elisabeth Ottilie Luise von",1,"person"
"Wilde, Oscar",8,"person"
"Wilhemi, Berta",1,"person"
"Williams, Alberto",3,"person"
"Williams, Leonard",1,"person"
"Willy",1,"person"
"Wilson, Woodrow",1,"person"
"Wolff, Pierre",1,"person"
"Wyzewa, Teodor de",2,"person"
"X.",1,"person"
"X. X.",3,"person"
"X. y Z.",1,"person"
"Xandaró",2,"person"
"Xanrof, León",1,"person"
"Xaudaró, Joaquín",3,"person"
"Xifré, José",1,"person"
"YAR",1,"person"
"Yepes, Joaquín E.",5,"person"
"Yrayzoz, Fiacro",1,"person"
"Yver, Colette",1,"person"
"Yxart, Josep",1,"person"
"Z y Z.",1,"person"
"Zaavedra Zárate, César",2,"person"
"Zahonero, José",3,"person"
"Zamacois, Eduardo",13,"person"
"Zambrana y Vázquez, Antonio",1,"person"
"Zancada, Práxedes",1,"person"
"Zapata A., José J.",1,"person"
"Zapata Lillo, Francisco",2,"person"
"Zapata, Felipe",1,"person"
"Zapata, Marcos",51,"person"
"Zaporta, Facundo M.",1,"person"
"Zaragoza, Antonio",5,"person"
"Zárate Ruiz, Francisco",1,"person"
"Zárate, Eduardo E.",2,"person"
"Zardarean, Ruben",1,"person"
"Zarza, Mariano",1,"person"
"Zavala, Eugenio",1,"person"
"Zayas Enríquez, Rafael de",4,"person"
"Zayas y Alfonso, Alfredo",7,"person"
"Zayas, Antonio de",4,"person"
"Zegera Pau, Emilcar",1,"person"
"Zeno Gandía, Manuel",2,"person"
"Zola, Émile",26,"person"
"Zorrilla, José",2,"person"
"Zozaya, Antonio",2,"person"
"Zozaya, Luis",1,"person"
"Zuazo, Francisco José de",1,"person"
"Zuleta Gaviria, Eduardo",4,"person"
"Zuleta, Juan A.",2,"person"
"Zuleta, Luis de",3,"person"
"Zulueta, Juan P. de",6,"person"
"Zulueta, Luis de",4,"person"
"Zumeta, César",4,"person"
"Zúñiga, Dante",1,"person"
"Zurano Muñoz, Emilio",4,"person"
"Zwintscher, Oskar",1,"person"
