Source,Target,Type,Id,Label,Weight,n
Revista Literaria. Publicación Mensual,"Abella Mendoza, Temístocles",Directed,0,,8,8
Alpha,"Abella-Nouvrac, L.",Directed,1,,1,1
El Montañés,"Acevedo Bernal, Ricardo",Directed,2,,1,1
El Repertorio. Revista Mensual Ilustrada,"Acevedo Bernal, Ricardo",Directed,3,,2,2
La Gruta,"Acevedo, Graciliano",Directed,4,,1,1
Revista Literaria. Publicación Mensual,"Acosta de Samper, Soledad",Directed,5,,3,3
La Gruta,"Acosta, Javier",Directed,6,,9,9
Revista Contemporánea,"Acosta, Javier",Directed,7,,4,4
Trofeos,"Acosta, Javier",Directed,8,,3,3
Revista Literaria. Publicación Mensual,"Alarcón, Pedro Antonio de",Directed,9,,3,3
Lectura Amena,"Alba, E.",Directed,10,,1,1
Revista Literaria. Publicación Mensual,"Alcalá Galiano, José",Directed,11,,1,1
Revista Literaria. Publicación Mensual,"Alcántara Jurado, Fracisco",Directed,12,,1,1
El Repertorio. Revista Mensual Ilustrada,"Allais, Alphonse",Directed,13,,1,1
Lectura Amena,"Allais, Alphonse",Directed,14,,1,1
Lectura y Arte,"Altamira, Rafael",Directed,15,,1,1
Revista Literaria. Publicación Mensual,"Altamira, Rafael",Directed,16,,1,1
Alpha,"Altenberg, Peter",Directed,17,,2,2
Panida,"Altenberg, Peter",Directed,18,,2,2
Revista Contemporánea,"Altenberg, Peter",Directed,19,,1,1
CULTURA,"Alzate Noreña, Luis",Directed,20,,5,5
Revista Literaria. Publicación Mensual,"Andrade Marín, Francisco",Directed,21,,2,2
Revista Literaria. Publicación Mensual,"Antommarchi de Rojas, Dorila",Directed,22,,2,2
CULTURA,"Aparicio, Alberto",Directed,23,,6,6
Alpha,"Arango M., Gabriel",Directed,24,,1,1
La Bohemia Alegre,"Arango Mejía, Gabriel",Directed,25,,1,1
Lectura y Arte,"Arango, Jorge Luis",Directed,26,,1,1
Lectura Amena,"Arango, Juan B.",Directed,27,,1,1
Lectura y Arte,"Arango, Juan B.",Directed,28,,1,1
La Gruta,"Arboleda, Arturo",Directed,29,,1,1
Alpha,Arbós y Góngora,Directed,30,,1,1
La Gruta,"Arce, Julio César",Directed,31,,1,1
Revista Contemporánea,"Arce, Julio César",Directed,32,,3,3
Trofeos,"Arce, Julio César",Directed,33,,1,1
Lectura Amena,"Arciniegas, Ismael Enrique",Directed,34,,1,1
Revista Literaria. Publicación Mensual,"Arciniegas, Ismael Enrique",Directed,35,,6,6
El Repertorio. Revista Mensual Ilustrada,"Arenal, Concepción",Directed,36,,1,1
Revista Literaria. Publicación Mensual,"Arenal, Concepción",Directed,37,,1,1
CULTURA,"Arguedas Díaz, Alcides",Directed,38,,1,1
Revista Moderna. (Enciclopedia colombiana),"Arias Argáez, Daniel",Directed,39,,1,1
Lectura y Arte,"Arriola de Bezoita, Jesús",Directed,40,,1,1
CULTURA,"Asbjørnsen, Peter Christen",Directed,41,,1,1
El Repertorio. Revista Mensual Ilustrada,"Bacon, Francis",Directed,42,,1,1
Alpha,"Bahr, Hermann",Directed,43,,1,1
Revista Literaria. Publicación Mensual,"Balaguer i Cirera, Víctor",Directed,44,,1,1
El Repertorio. Revista Mensual Ilustrada,"Balart, Federico",Directed,45,,1,1
Revista Literaria. Publicación Mensual,"Balart, Federico",Directed,46,,3,3
Alpha,"Barbier, Auguste",Directed,47,,1,1
Revista Moderna. (Enciclopedia colombiana),"Barreto, José María",Directed,48,,1,1
Trofeos,"Barriga Paez, J.",Directed,49,,1,1
Alpha,"Barrès, Maurice",Directed,50,,2,2
Trofeos,"Barrès, Maurice",Directed,51,,2,2
El Repertorio. Revista Mensual Ilustrada,"Bartrina, Joaquín María",Directed,52,,1,1
Alpha,"Barzini, Luigi",Directed,53,,1,1
Revista Moderna. (Enciclopedia colombiana),"Barón, Felipe",Directed,54,,2,2
Alpha,"Bayona Posada, Jorge",Directed,55,,1,1
La Gruta,"Bayona Posada, Jorge",Directed,56,,1,1
Panida,"Bayona Posada, Jorge",Directed,57,,1,1
Trofeos,"Beaunier, André",Directed,58,,1,1
Revista Moderna. (Enciclopedia colombiana),"Becerra, Ricardo",Directed,59,,1,1
Lectura Amena,"Bedout, C. de",Directed,60,,1,1
La Bohemia Alegre,"Bel, León",Directed,61,,3,3
Revista Moderna. (Enciclopedia colombiana),"Bellaigue, Camile",Directed,62,,1,1
Trofeos,"Bello, Andrés",Directed,63,,1,1
Alpha,"Benavente, Jacinto",Directed,64,,1,1
Panida,"Benavente, Jacinto",Directed,65,,2,2
Revista Contemporánea,"Bengoechea, Alfredo de",Directed,66,,1,1
Lectura Amena,"Bernal, Luis",Directed,67,,1,1
El Repertorio. Revista Mensual Ilustrada,"Berrío París, Julio",Directed,68,,1,1
Revista Literaria. Publicación Mensual,"Berthoud, Eugène",Directed,69,,1,1
Alpha,"Betancourt Villegas, Félix",Directed,70,,4,4
CULTURA,"Betancourt Villegas, Félix",Directed,71,,1,1
Lectura y Arte,"Betancourt Villegas, Félix",Directed,72,,1,1
CULTURA,"Betancourt, Pedro Pablo",Directed,73,,1,1
El Montañés,"Beyle, Henri",Directed,74,,1,1
Revista Literaria. Publicación Mensual,"Biart, Lucien",Directed,75,,1,1
Revista Moderna. (Enciclopedia colombiana),"Bilac, Olavo",Directed,76,,1,1
Revista Moderna. (Enciclopedia colombiana),"Bissière, Roger",Directed,77,,1,1
Revista Literaria. Publicación Mensual,"Blaine, James G.",Directed,78,,1,1
El Repertorio. Revista Mensual Ilustrada,"Blanc, Charles",Directed,79,,1,1
Lectura Amena,"Blanco Asenjo, Ricardo",Directed,80,,1,1
Lectura Amena,"Blanco Fombona, Rufino",Directed,81,,2,2
Revista Moderna. (Enciclopedia colombiana),"Blanco Fombona, Rufino",Directed,82,,3,3
Trofeos,"Blanco Fombona, Rufino",Directed,83,,5,5
Revista Literaria. Publicación Mensual,"Blanco y Sánchez, Rufino",Directed,84,,3,3
Lectura Amena,"Blanco, Héctor",Directed,85,,1,1
Alpha,"Blasco Ibáñez, Vicente",Directed,86,,1,1
Lectura y Arte,"Blasco Ibáñez, Vicente",Directed,87,,1,1
Lectura Amena,"Bobadilla, Emilio",Directed,88,,1,1
Trofeos,"Bocquet, León",Directed,89,,1,1
La Gruta,"Bohemia, Juan de",Directed,90,,1,1
Revista Literaria. Publicación Mensual,"Boixet i Castells, Ezequiel",Directed,91,,1,1
El Montañés,"Bolívar, Simón",Directed,92,,1,1
Revista Moderna. (Enciclopedia colombiana),"Bolívar, Simón",Directed,93,,1,1
Alpha,"Bonilla, Manuel Antonio",Directed,94,,2,2
Lectura Amena,"Bonis, J. M.",Directed,95,,1,1
Revista Moderna. (Enciclopedia colombiana),"Bonnard, Abel",Directed,96,,1,1
Revista Contemporánea,"Borda, Francisco de Paula",Directed,97,,1,1
Revista Literaria. Publicación Mensual,"Borda, José Joaquín",Directed,98,,2,2
Alpha,"Botero Guerra, Camilo",Directed,99,,1,1
El Montañés,"Botero Guerra, Camilo",Directed,100,,1,1
El Repertorio. Revista Mensual Ilustrada,"Botero Guerra, Camilo",Directed,101,,2,2
Lectura Amena,"Botero Guerra, Camilo",Directed,102,,2,2
El Repertorio. Revista Mensual Ilustrada,"Botero Ruiz, Juan José",Directed,103,,2,2
Lectura y Arte,"Botero Ruiz, Juan José",Directed,104,,1,1
El Montañés,"Botero, Manuel E.",Directed,105,,3,3
Revista Literaria. Publicación Mensual,"Bouet, Carlos",Directed,106,,1,1
Lectura Amena,"Bouret, Alonso",Directed,107,,1,1
El Repertorio. Revista Mensual Ilustrada,"Bourget, Paul",Directed,108,,1,1
Lectura Amena,"Bourget, Paul",Directed,109,,1,1
Lectura y Arte,"Bourget, Paul",Directed,110,,1,1
Lectura Amena,"Breen, M.",Directed,111,,1,1
Trofeos,"Briand, Aristide",Directed,112,,1,1
La Gruta,"Briceño, Manuel",Directed,113,,1,1
Trofeos,"Briceño, Manuel",Directed,114,,1,1
Revista Moderna. (Enciclopedia colombiana),"Brisay, Henry de",Directed,115,,2,2
Alpha,"Brooks, Adam",Directed,116,,1,1
Revista Contemporánea,"Bueno, Manuel",Directed,117,,1,1
Revista Literaria. Publicación Mensual,"Burns, Robert",Directed,118,,1,1
Panida,"Bécquer, Gustavo Adolfo",Directed,119,,1,1
Revista Literaria. Publicación Mensual,"Böhl de Faber y Ruiz de Larrea, Cecilia",Directed,120,,1,1
CULTURA,"Caballero, Lucas",Directed,121,,1,1
Revista Literaria. Publicación Mensual,"Cabello de Carbonera, Mercedes",Directed,122,,2,2
Lectura Amena,"Cadenas, José Juan",Directed,123,,1,1
Revista Literaria. Publicación Mensual,"Caicedo Rojas, José",Directed,124,,4,4
Revista Moderna. (Enciclopedia colombiana),"Caicedo Rojas, José",Directed,125,,1,1
Revista Literaria. Publicación Mensual,"Calcaño, Eduardo",Directed,126,,1,1
Revista Literaria. Publicación Mensual,"Calcaño, José Antonio",Directed,127,,3,3
Revista Literaria. Publicación Mensual,"Calcaño, Julio",Directed,128,,4,4
El Repertorio. Revista Mensual Ilustrada,"Calderón de la Barca, Pedro",Directed,129,,1,1
La Gruta,"Calderón, Luis Eduardo",Directed,130,,1,1
Revista Literaria. Publicación Mensual,"Camacho Roldán, Salvador",Directed,131,,1,1
Revista Moderna. (Enciclopedia colombiana),"Camacho Roldán, Salvador",Directed,132,,1,1
CULTURA,"Camacho, Martín",Directed,133,,1,1
La Bohemia Alegre,"Campo, Carlos del",Directed,134,,1,1
Revista Literaria. Publicación Mensual,"Campoamor, Ramón de",Directed,135,,3,3
El Repertorio. Revista Mensual Ilustrada,"Cancio Tobón, Juan",Directed,136,,1,1
Alpha,"Cano Gutiérrez, Fidel",Directed,137,,4,4
CULTURA,"Cano Gutiérrez, Fidel",Directed,138,,3,3
El Montañés,"Cano Gutiérrez, Fidel",Directed,139,,1,1
El Repertorio. Revista Mensual Ilustrada,"Cano Gutiérrez, Fidel",Directed,140,,4,4
La Bohemia Alegre,"Cano Gutiérrez, Fidel",Directed,141,,1,1
Lectura Amena,"Cano Gutiérrez, Fidel",Directed,142,,5,5
Lectura y Arte,"Cano Gutiérrez, Fidel",Directed,143,,1,1
Lectura y Arte,"Cano Isaza, F.",Directed,144,,1,1
Alpha,"Cano Villegas, Gabriel",Directed,145,,1,1
CULTURA,"Cano Villegas, Gabriel",Directed,146,,1,1
Alpha,"Cano, Antonio José",Directed,147,,4,4
Lectura Amena,"Cano, Antonio José",Directed,148,,7,7
Lectura y Arte,"Cano, Antonio José",Directed,149,,4,4
Panida,"Cano, Antonio José",Directed,150,,1,1
Revista Contemporánea,"Cano, Antonio José",Directed,151,,1,1
Trofeos,"Cano, Antonio José",Directed,152,,1,1
El Montañés,"Cano, Francisco Antonio",Directed,153,,14,14
El Repertorio. Revista Mensual Ilustrada,"Cano, Francisco Antonio",Directed,154,,21,21
Lectura y Arte,"Cano, Francisco Antonio",Directed,155,,28,28
Alpha,"Cano, Luis",Directed,156,,3,3
CULTURA,"Cano, Luis",Directed,157,,1,1
Lectura Amena,"Cano, Luis",Directed,158,,10,10
La Gruta,"Cantillo, Liborio D.",Directed,159,,1,1
Revista Literaria. Publicación Mensual,"Cantó Vilaplana, Gonzalo",Directed,160,,1,1
Revista Literaria. Publicación Mensual,"Capuana, Luigi",Directed,161,,1,1
La Gruta,"Carbonell, Gonzalo",Directed,162,,1,1
Lectura Amena,"Cardenas, Bernardino",Directed,163,,1,1
Revista Literaria. Publicación Mensual,"Carducci, Giosuè",Directed,164,,1,1
Revista Moderna. (Enciclopedia colombiana),"Carducci, Giosuè",Directed,165,,1,1
Trofeos,"Carducci, Giosuè",Directed,166,,8,8
Revista Literaria. Publicación Mensual,"Carlyle, Thomas",Directed,167,,1,1
Revista Literaria. Publicación Mensual,"Caro, José Eusebio",Directed,168,,16,16
CULTURA,"Caro, Luis Alejandro",Directed,169,,1,1
CULTURA,"Caro, Miguel Antonio",Directed,170,,1,1
Revista Literaria. Publicación Mensual,"Caro, Miguel Antonio",Directed,171,,10,10
Revista Moderna. (Enciclopedia colombiana),"Caro, Miguel Antonio",Directed,172,,2,2
CULTURA,"Caro, Víctor Eduardo",Directed,173,,1,1
Revista Literaria. Publicación Mensual,"Carranza, Adolfo Pedro",Directed,174,,1,1
Alpha,"Carrasquilla L., Juan de Dios",Directed,175,,1,1
Revista Contemporánea,"Carrasquilla L., Juan de Dios",Directed,176,,3,3
Revista Literaria. Publicación Mensual,"Carrasquilla, Ricardo",Directed,177,,1,1
Alpha,"Carrasquilla, Tomás",Directed,178,,13,13
El Montañés,"Carrasquilla, Tomás",Directed,179,,6,6
El Repertorio. Revista Mensual Ilustrada,"Carrasquilla, Tomás",Directed,180,,1,1
Lectura Amena,"Carrasquilla, Tomás",Directed,181,,1,1
Revista Moderna. (Enciclopedia colombiana),"Carrere Moreno, Emilio",Directed,182,,1,1
Revista Moderna. (Enciclopedia colombiana),"Carreño, Pedro M.",Directed,183,,1,1
Alpha,"Carricarte, Arturo R. de",Directed,184,,1,1
Panida,"Carriego, Evaristo",Directed,185,,2,2
Revista Moderna. (Enciclopedia colombiana),"Carrillo, Enrique A.",Directed,186,,5,5
CULTURA,"Carvajal Borrero, Mario",Directed,187,,15,15
Alpha,"Carvajal, Alberto",Directed,189,,1,1
Revista Contemporánea,"Carvajal, Alberto",Directed,190,,1,1
Trofeos,"Carvajal, Alberto",Directed,191,,2,2
Alpha,"Carvajal, M.A.",Directed,192,,3,3
Lectura Amena,"Carvajal, M.A.",Directed,193,,2,2
Revista Contemporánea,"Carvajal, M.A.",Directed,194,,1,1
Trofeos,"Carvajal, M.A.",Directed,195,,4,4
Revista Contemporánea,"Carvajal, Manuel A.",Directed,196,,2,2
CULTURA,"Carvajal, Manuel Antonio",Directed,197,,15,15
Lectura y Arte,"Carvajal, Manuel Antonio",Directed,198,,1,1
Lectura Amena,"Casal, Julián del",Directed,199,,1,1
Revista Moderna. (Enciclopedia colombiana),"Casas Castañeda, José Joaquín",Directed,200,,4,4
Revista Moderna. (Enciclopedia colombiana),"Casas Castañeda, Vicente",Directed,201,,1,1
El Repertorio. Revista Mensual Ilustrada,"Castelar, Emilio",Directed,202,,1,1
Lectura y Arte,"Castell, Ángel María",Directed,203,,1,1
La Gruta,"Castello, Carlos",Directed,204,,4,4
La Gruta,"Castello, Manuel",Directed,205,,1,1
Lectura y Arte,"Castilla Baena, Clodomiro",Directed,206,,1,1
CULTURA,"Castillo, Eduardo",Directed,207,,5,5
Trofeos,"Castillo, Eduardo",Directed,208,,1,1
Revista Literaria. Publicación Mensual,"Castro y Serrano, José de",Directed,209,,1,1
Alpha,"Castro, Alfonso",Directed,210,,2,2
CULTURA,"Castro, Alfonso",Directed,211,,3,3
El Repertorio. Revista Mensual Ilustrada,"Castro, Alfonso",Directed,212,,1,1
Lectura Amena,"Castro, Alfonso",Directed,213,,5,5
Lectura y Arte,"Castro, Alfonso",Directed,214,,1,1
CULTURA,"Castro, Eugenio de",Directed,215,,1,1
Trofeos,"Castro, Eugenio de",Directed,216,,3,3
Revista Moderna. (Enciclopedia colombiana),"Cañas, Juan José",Directed,217,,1,1
El Montañés,"Ceballos Quintana, Enrique",Directed,218,,2,2
La Gruta,"Cervantes, Edmundo",Directed,219,,1,1
Revista Literaria. Publicación Mensual,"Cervantes, Próspero",Directed,220,,1,1
Trofeos,"Cervera, Manuel",Directed,221,,3,3
Lectura Amena,"Cervera, Manuel S.",Directed,222,,1,1
Revista Moderna. (Enciclopedia colombiana),"Cestero, Tulio",Directed,223,,1,1
Trofeos,"Cestero, Tulio Manuel",Directed,224,,2,2
Revista Literaria. Publicación Mensual,"Charton, Ernest",Directed,225,,1,1
Lectura y Arte,"Chaumeix, André",Directed,226,,1,1
El Montañés,"Chaux, Simón",Directed,227,,1,1
La Gruta,"Chaves, J.R.",Directed,228,,1,1
Revista Literaria. Publicación Mensual,Chen Jitong,Directed,229,,1,1
Trofeos,"Chénier, André",Directed,230,,1,1
Revista Moderna. (Enciclopedia colombiana),"Claretie, Jules",Directed,231,,1,1
Panida,"Claussen, Sophus",Directed,232,,1,1
Revista Literaria. Publicación Mensual,"Clavijo Durán, Antonio",Directed,233,,1,1
Revista Literaria. Publicación Mensual,"Cobban, J. MacLaren",Directed,234,,1,1
Revista Moderna. (Enciclopedia colombiana),"Coll, Pedro Emilio",Directed,235,,1,1
Revista Literaria. Publicación Mensual,"Collas, Louis-Charles",Directed,236,,1,1
Revista Literaria. Publicación Mensual,"Colorado, Vicente",Directed,237,,1,1
CULTURA,"Colín, Eduardo",Directed,238,,2,2
Revista Moderna. (Enciclopedia colombiana),Comandante de Civrieux,Directed,239,,1,1
La Gruta,"Consuegra, Manuel S.",Directed,240,,1,1
CULTURA,"Contreras, Francisco",Directed,241,,1,1
Revista Literaria. Publicación Mensual,"Cooke, John Esten",Directed,242,,1,1
Lectura Amena,"Coppée, François",Directed,243,,1,1
Revista Literaria. Publicación Mensual,"Coppée, François",Directed,244,,1,1
Revista Moderna. (Enciclopedia colombiana),"Coppée, François",Directed,245,,1,1
CULTURA,"Coradine, Alberto",Directed,246,,11,11
Revista Literaria. Publicación Mensual,"Cordovez Moure, José María",Directed,247,,2,2
Revista Moderna. (Enciclopedia colombiana),"Cordovez Moure, José María",Directed,248,,1,1
CULTURA,"Corral, Jesús M. del",Directed,249,,1,1
El Montañés,"Corral, Jesús M. del",Directed,250,,1,1
El Repertorio. Revista Mensual Ilustrada,"Corral, Jesús M. del",Directed,251,,3,3
Lectura Amena,"Corral, Jesús M. del",Directed,252,,1,1
La Bohemia Alegre,"Corral, M. Antonio del",Directed,253,,1,1
Alpha,"Correa, Ramón",Directed,254,,1,1
Alpha,"Creta, Ruy de",Directed,255,,1,1
Alpha,"Cruz, Efraím de la",Directed,256,,2,2
Alpha,"Cruz, Jorge de la",Directed,257,,4,4
Revista Moderna. (Enciclopedia colombiana),"Cuervo Márquez, Carlos",Directed,258,,5,5
Alpha,"Cuervo Márquez, Emilio",Directed,259,,1,1
Revista Moderna. (Enciclopedia colombiana),"Cuervo Márquez, Emilio",Directed,260,,8,8
CULTURA,"Cuervo, Luis Augusto",Directed,261,,7,7
Revista Moderna. (Enciclopedia colombiana),"Cuervo, Luis Augusto",Directed,262,,1,1
Revista Contemporánea,"Cuervo, Rufino José",Directed,263,,1,1
Trofeos,"Cuervo, Rufino José",Directed,264,,2,2
Revista Literaria. Publicación Mensual,"Cuéllar Durán, Zoilo",Directed,265,,1,1
CULTURA,"Céspedes, Ángel María",Directed,266,,3,3
Trofeos,"Céspedes, Ángel María",Directed,267,,3,3
Revista Literaria. Publicación Mensual,"Cólogan y Cólogan, Bernardo Jacinto de",Directed,268,,1,1
La Gruta,"D'Annunzio, Gabriele",Directed,269,,1,1
Lectura Amena,"D'Annunzio, Gabriele",Directed,270,,4,4
Lectura y Arte,"D'Annunzio, Gabriele",Directed,271,,2,2
Revista Contemporánea,"D'Annunzio, Gabriele",Directed,272,,3,3
Trofeos,"D'Annunzio, Gabriele",Directed,273,,3,3
Revista Moderna. (Enciclopedia colombiana),"D'Avenel, Vizconde",Directed,274,,1,1
Lectura Amena,"D'Enjoÿ, Paul",Directed,275,,1,1
Revista Literaria. Publicación Mensual,"D'Hervilly, Ernest",Directed,276,,1,1
CULTURA,"D'Ors, Eugenio",Directed,277,,1,1
Lectura Amena,"D'Ors, Eugenio",Directed,278,,1,1
Panida,"D'Ors, Eugenio",Directed,279,,1,1
Revista Moderna. (Enciclopedia colombiana),"D'Ors, Eugenio",Directed,280,,2,2
Revista Moderna. (Enciclopedia colombiana),"Dahlgren, E.N.",Directed,281,,1,1
Alpha,"Darío, Rubén",Directed,282,,1,1
Lectura Amena,"Darío, Rubén",Directed,283,,6,6
Panida,"Darío, Rubén",Directed,284,,5,5
Revista Contemporánea,"Darío, Rubén",Directed,285,,1,1
Revista Moderna. (Enciclopedia colombiana),"Darío, Rubén",Directed,286,,1,1
Trofeos,"Darío, Rubén",Directed,287,,1,1
Lectura Amena,"Daudet, Alphonse",Directed,288,,2,2
Revista Literaria. Publicación Mensual,"Daudet, Alphonse",Directed,289,,1,1
Trofeos,"Davray, Henry-D.",Directed,290,,1,1
Alpha,"Delgado, Jorge E.",Directed,291,,1,1
Revista Literaria. Publicación Mensual,"Deslys, Charles",Directed,292,,3,3
Trofeos,"Desroix, Jacques",Directed,293,,1,1
Lectura Amena,"Dicenta, Joaquín",Directed,294,,8,8
La Bohemia Alegre,"Diuribía, Marcel",Directed,295,,1,1
Lectura Amena,"Donato Navarro, Manuel",Directed,296,,2,2
Trofeos,"Dumas, Joël",Directed,297,,1,1
Alpha,"Duque Uribe, Rafael",Directed,298,,1,1
La Gruta,"Duque Uribe, Rafael",Directed,299,,1,1
Revista Contemporánea,"Duque Uribe, Rafael",Directed,300,,10,10
Trofeos,"Duque Uribe, Rafael",Directed,301,,3,3
El Repertorio. Revista Mensual Ilustrada,"Duque, Antonio de J.",Directed,302,,2,2
El Repertorio. Revista Mensual Ilustrada,Dymón,Directed,303,,1,1
Alpha,"Déubel, Leon",Directed,304,,1,1
Revista Literaria. Publicación Mensual,"Díaz Guerra, Alirio",Directed,305,,1,1
Revista Moderna. (Enciclopedia colombiana),"Díaz Rodríguez, Manuel",Directed,306,,1,1
Revista Contemporánea,"Díaz Romero, Eugenio",Directed,307,,2,2
Revista Literaria. Publicación Mensual,"Díaz del Castillo, Ildefonso",Directed,308,,1,1
Lectura Amena,"Díaz, Leopoldo",Directed,309,,1,1
Panida,"Díaz, Leopoldo",Directed,310,,1,1
Revista Literaria. Publicación Mensual,"Díaz, Leopoldo",Directed,311,,1,1
Trofeos,"Díaz, Leopoldo",Directed,312,,3,3
Alpha,"Díaz, Pedro Pablo",Directed,313,,1,1
Panida,"Díez Canedo, Enrique",Directed,314,,1,1
Revista Moderna. (Enciclopedia colombiana),"Díez Canedo, Manuel",Directed,315,,1,1
La Gruta,EDOS,Directed,316,,1,1
Alpha,"Eastman, Tomás Oziel",Directed,317,,2,2
CULTURA,"Eastman, Tomás Oziel",Directed,318,,1,1
Lectura Amena,"Echagüe, Francisco",Directed,319,,1,1
Lectura Amena,"Echavarría Vélez, Liborio",Directed,320,,1,1
Revista Literaria. Publicación Mensual,"Echegaray, José",Directed,321,,1,1
Lectura Amena,"Echegorri, P.",Directed,322,,1,1
El Repertorio. Revista Mensual Ilustrada,"Echeverri, Camilo Antonio",Directed,323,,6,6
La Gruta,"Echeverría, Eduardo",Directed,324,,3,3
Lectura y Arte,"Echeverría, Eduardo",Directed,325,,1,1
La Gruta,"Echeverría, Marcelino",Directed,326,,2,2
Alpha,"Eraña, Silverio",Directed,327,,1,1
CULTURA,"Escallón, Rafael",Directed,328,,4,4
CULTURA,"Escobar Larrazábal, Melitón",Directed,329,,21,21
Revista Moderna. (Enciclopedia colombiana),"Escobar Padilla, Cenón",Directed,330,,1,1
Revista Literaria. Publicación Mensual,"Escobar Pino, Roberto",Directed,331,,3,3
Revista Literaria. Publicación Mensual,"Escobar R., Eusebio",Directed,332,,1,1
La Gruta,"Escobar Roa, Rafael",Directed,333,,2,2
Alpha,"Escobar Rojo, Severo",Directed,334,,4,4
Trofeos,"Escobar Sarmiento, Ricardo",Directed,335,,2,2
La Gruta,"Escobar, Felipe S.",Directed,336,,1,1
El Montañés,"Escobar, Francisco",Directed,337,,1,1
La Gruta,"Escobar, Mario",Directed,338,,3,3
La Gruta,"Escobar, Pedro Ignacio",Directed,339,,7,7
El Montañés,"Escovar Gaviria, Gonzalo",Directed,340,,2,2
El Montañés,"Escovar, José María",Directed,341,,8,8
Revista Literaria. Publicación Mensual,"Esguerra Ortiz, Joaquín",Directed,342,,1,1
Revista Moderna. (Enciclopedia colombiana),"Esguerra, Manuel",Directed,343,,2,2
CULTURA,"Esguerra, Nicolás",Directed,344,,1,1
La Gruta,"Espinosa Guzmán, Rafael",Directed,345,,29,29
Trofeos,"Espinosa Guzmán, Rafael",Directed,346,,2,2
Revista Literaria. Publicación Mensual,"Espinosa, Roberto",Directed,347,,1,1
Revista Moderna. (Enciclopedia colombiana),"Esquivel Obregón, Toribio",Directed,348,,1,1
Revista Literaria. Publicación Mensual,"Estrada Paniagua, Felipe",Directed,349,,1,1
Revista Moderna. (Enciclopedia colombiana),"Fallon, Diego",Directed,350,,1,1
Revista Literaria. Publicación Mensual,"Febres Cordero, Tulio",Directed,351,,3,3
El Montañés,"Fernández Avendaño, Enrique Wenceslao",Directed,352,,4,4
El Repertorio. Revista Mensual Ilustrada,"Fernández Avendaño, Enrique Wenceslao",Directed,353,,3,3
Lectura Amena,"Fernández Avendaño, Enrique Wenceslao",Directed,354,,1,1
Lectura y Arte,"Fernández Avendaño, Enrique Wenceslao",Directed,355,,1,1
Revista Literaria. Publicación Mensual,"Fernández Avendaño, Enrique Wenceslao",Directed,356,,5,5
Lectura Amena,"Fernández García, Alejandro",Directed,357,,2,2
Revista Contemporánea,"Fernández García, Alejandro",Directed,358,,3,3
Trofeos,"Fernández García, Alejandro",Directed,359,,1,1
Panida,"Fernández Ríos, Ovidio",Directed,360,,1,1
Revista Literaria. Publicación Mensual,"Fernández Villegas, Francisco",Directed,361,,1,1
Revista Literaria. Publicación Mensual,"Fernández, Manuel M.",Directed,362,,2,2
Revista Literaria. Publicación Mensual,"Fernández, Rafael César",Directed,363,,1,1
Revista Literaria. Publicación Mensual,"Ferrari, Emilio",Directed,364,,1,1
El Repertorio. Revista Mensual Ilustrada,"Ferrer L., Eduardo",Directed,365,,1,1
La Bohemia Alegre,"Ferrer, Jesús",Directed,366,,4,4
Revista Moderna. (Enciclopedia colombiana),"Ferrero, Guillermo",Directed,367,,1,1
Revista Literaria. Publicación Mensual,"Fleuriot-Kerinou, Francis",Directed,368,,1,1
Revista Literaria. Publicación Mensual,"Flórez Galindo, Federico",Directed,369,,1,1
La Gruta,"Flórez Álvarez, Ester",Directed,370,,2,2
Trofeos,"Flórez Álvarez, Ester",Directed,371,,1,1
El Repertorio. Revista Mensual Ilustrada,"Flórez, Julio",Directed,372,,2,2
La Gruta,"Flórez, Julio",Directed,373,,3,3
Lectura Amena,"Flórez, Julio",Directed,374,,2,2
Panida,"Fort, Paul",Directed,375,,3,3
Trofeos,"Fort, Paul",Directed,376,,4,4
Panida,"France, Anatole",Directed,377,,1,1
La Gruta,"Francisco, Julio de",Directed,378,,7,7
Lectura y Arte,"Francisco, Julio de",Directed,379,,1,1
Revista Literaria. Publicación Mensual,"Francisco, Ricardo de",Directed,380,,1,1
Revista Literaria. Publicación Mensual,"Franco, Enrique",Directed,381,,1,1
Panida,"Francés, José",Directed,382,,1,1
Revista Literaria. Publicación Mensual,"Frontaura, Carlos",Directed,383,,1,1
Lectura Amena,Fx. B.,Directed,384,,1,1
El Repertorio. Revista Mensual Ilustrada,"Féval, Paul",Directed,385,,1,1
Revista Literaria. Publicación Mensual,"Gabriac, Alexis de",Directed,386,,1,1
La Gruta,"Gaitán O., Gustavo",Directed,387,,2,2
Revista Contemporánea,"Gaitán O., Gustavo",Directed,388,,2,2
Revista Literaria. Publicación Mensual,"Galindo, Aníbal",Directed,389,,1,1
Lectura Amena,"Gamboa, Isaías",Directed,390,,1,1
Lectura Amena,"Gamboa, Mateo",Directed,391,,1,1
Alpha,"Gamero, Luis",Directed,392,,1,1
CULTURA,"Garavito Armero, Julio",Directed,393,,2,2
CULTURA,"Garay, Epifanio",Directed,394,,2,2
Lectura y Arte,"Garay, Epifanio",Directed,395,,2,2
CULTURA,"Garcés, Enrique",Directed,396,,3,3
El Montañés,"Garcés, Leopoldo",Directed,397,,2,2
Revista Contemporánea,"García Calvo, Federico",Directed,398,,1,1
Revista Literaria. Publicación Mensual,"García Mérou, Martín",Directed,399,,1,1
CULTURA,"García Ortiz, Laureano",Directed,400,,1,1
Revista Contemporánea,"García Ortiz, Laureano",Directed,401,,3,3
La Gruta,"García Rico, Francisco",Directed,402,,1,1
CULTURA,"García Samudio, Nicolás",Directed,403,,5,5
CULTURA,"García Zamudio, Nicolás",Directed,404,,1,1
Revista Literaria. Publicación Mensual,"García, Evaristo",Directed,405,,1,1
Revista Moderna. (Enciclopedia colombiana),"García, Juan Crisóstomo",Directed,406,,1,1
Alpha,"Gartner, Hugo",Directed,407,,1,1
Revista Moderna. (Enciclopedia colombiana),"Gautier, Judith",Directed,408,,2,2
Lectura Amena,"Gautier, Théophile",Directed,409,,1,1
La Bohemia Alegre,"Gaviria Arango, Enrique",Directed,410,,1,1
El Repertorio. Revista Mensual Ilustrada,"Gaviria I., Henrique",Directed,411,,1,1
Lectura y Arte,"Gaviria Isaza, Henrique",Directed,412,,1,1
Alpha,"Gaviria, José A.",Directed,413,,2,2
El Montañés,"Gaviria, José A.",Directed,414,,2,2
Revista Moderna. (Enciclopedia colombiana),"Gebhart, Émile",Directed,415,,1,1
Lectura Amena,"Gerin, Gabriel",Directed,416,,1,1
Alpha,"Gide, André",Directed,417,,2,2
Trofeos,"Gide, André",Directed,418,,1,1
Revista Literaria. Publicación Mensual,"Gil, Constantino",Directed,419,,2,2
Lectura Amena,"Gil, Ricardo",Directed,420,,1,1
Trofeos,"Giraldo, Francisco",Directed,421,,1,1
Trofeos,"Giraud, Victor",Directed,422,,1,1
Revista Literaria. Publicación Mensual,"Girón, Lázaro María",Directed,423,,1,1
Revista Literaria. Publicación Mensual,"Goenaga, Florentino",Directed,424,,1,1
El Repertorio. Revista Mensual Ilustrada,"Goethe, Johann Wolfgang von",Directed,425,,2,2
Trofeos,"Gomperz, Theodor",Directed,426,,3,3
Lectura Amena,"Gonzaga Urbina, Luis",Directed,427,,1,1
Panida,"González Blanco, Andrés",Directed,428,,4,4
Revista Literaria. Publicación Mensual,"González Obregón, Luis",Directed,429,,1,1
Panida,"González Ochoa, Fernando",Directed,430,,6,6
Lectura Amena,"González Serrano, Urbano",Directed,431,,1,1
Revista Literaria. Publicación Mensual,"González Suárez, Federico",Directed,432,,1,1
Revista Literaria. Publicación Mensual,"González Torres, A.",Directed,433,,1,1
Lectura Amena,"Gorki, Maksim",Directed,434,,1,1
Alpha,"Gourmont, Remy de",Directed,435,,3,3
Panida,"Gourmont, Remy de",Directed,436,,1,1
Revista Contemporánea,"Gourmont, Remy de",Directed,437,,2,2
Revista Moderna. (Enciclopedia colombiana),"Gourmont, Remy de",Directed,438,,1,1
Trofeos,"Gourmont, Remy de",Directed,439,,1,1
Revista Literaria. Publicación Mensual,"Goya, Antonio",Directed,440,,1,1
Revista Moderna. (Enciclopedia colombiana),"Goyau, Georges",Directed,441,,1,1
Panida,"Graf, Arturo",Directed,442,,1,1
Lectura Amena,"Gramont, Luciano",Directed,443,,1,1
Revista Contemporánea,"Grant, Allen",Directed,444,,2,2
El Repertorio. Revista Mensual Ilustrada,"Greiff, Carlos de",Directed,445,,1,1
Lectura y Arte,"Greiff, León de",Directed,446,,1,1
Panida,"Greiff, León de",Directed,447,,7,7
El Repertorio. Revista Mensual Ilustrada,"Greiff, Luis de",Directed,448,,83,83
Lectura Amena,"Greiff, Luis de",Directed,449,,2,2
Lectura y Arte,"Greiff, Luis de",Directed,450,,2,2
Alpha,"Grillo, Maximiliano",Directed,451,,2,2
CULTURA,"Grillo, Maximiliano",Directed,452,,3,3
El Repertorio. Revista Mensual Ilustrada,"Grillo, Maximiliano",Directed,453,,4,4
La Gruta,"Grillo, Maximiliano",Directed,454,,4,4
Lectura Amena,"Grillo, Maximiliano",Directed,455,,1,1
Lectura y Arte,"Grillo, Maximiliano",Directed,456,,1,1
Revista Contemporánea,"Grillo, Maximiliano",Directed,457,,14,14
Trofeos,"Grillo, Maximiliano",Directed,458,,8,8
Lectura Amena,"Groot, José Manuel",Directed,459,,1,1
El Repertorio. Revista Mensual Ilustrada,"Grégory, Pedro N.",Directed,460,,1,1
Revista Literaria. Publicación Mensual,"Guardia, Ernesto de la",Directed,461,,1,1
Revista Literaria. Publicación Mensual,"Guerra Azuola, Ramón",Directed,462,,6,6
La Gruta,"Guerrero, Rafael",Directed,463,,1,1
Lectura Amena,"Guerrini, Olindo",Directed,464,,1,1
Revista Literaria. Publicación Mensual,"Guerrini, Olindo",Directed,465,,1,1
Revista Literaria. Publicación Mensual,"Gumucio, Adulfo de",Directed,466,,1,1
La Bohemia Alegre,"Gutiérrez B., Germán",Directed,467,,1,1
El Repertorio. Revista Mensual Ilustrada,"Gutiérrez González, Gregorio",Directed,468,,2,2
La Bohemia Alegre,"Gutiérrez Robledo, Julio",Directed,469,,1,1
Revista Literaria. Publicación Mensual,"Gutiérrez de Alba, José María",Directed,470,,2,2
CULTURA,"Gutiérrez, Felipe Santiago",Directed,471,,1,1
Revista Literaria. Publicación Mensual,"Gutiérrez, Francisco A.",Directed,472,,1,1
Revista Contemporánea,"Guyau, Jean-Marie",Directed,473,,1,1
CULTURA,"Guzmán Esponda, Eduardo",Directed,474,,1,1
Revista Literaria. Publicación Mensual,"Guzmán, César Coronado",Directed,475,,1,1
Trofeos,"Guérin, Charles",Directed,476,,1,1
Trofeos,"Guérin, Maurice de",Directed,477,,2,2
Revista Contemporánea,"Gálvez, Manuel",Directed,478,,1,1
Alpha,"Gómez Barrientos, Estanislao",Directed,479,,5,5
El Montañés,"Gómez Barrientos, Estanislao",Directed,480,,7,7
Alpha,"Gómez Carrillo, Enrique",Directed,481,,1,1
Lectura Amena,"Gómez Carrillo, Enrique",Directed,482,,4,4
Revista Moderna. (Enciclopedia colombiana),"Gómez Carrillo, Enrique",Directed,483,,1,1
Trofeos,"Gómez Carrillo, Enrique",Directed,484,,1,1
Lectura Amena,"Gómez E., Bernardo",Directed,485,,2,2
Alpha,"Gómez Escobar, Francisco",Directed,486,,2,2
El Montañés,"Gómez Escobar, Francisco",Directed,487,,7,7
El Repertorio. Revista Mensual Ilustrada,"Gómez Escobar, Francisco",Directed,488,,2,2
La Bohemia Alegre,"Gómez Escobar, Francisco",Directed,489,,1,1
Lectura Amena,"Gómez Escobar, Francisco",Directed,490,,1,1
Lectura y Arte,"Gómez Escobar, Francisco",Directed,491,,2,2
CULTURA,"Gómez Jaime de Abadía, Herminia",Directed,492,,1,1
La Gruta,"Gómez Jaime, Alfredo",Directed,493,,3,3
Lectura Amena,"Gómez Jaime, Alfredo",Directed,494,,1,1
Lectura y Arte,"Gómez Jaime, Alfredo",Directed,495,,1,1
Revista Contemporánea,"Gómez Jaime, Alfredo",Directed,496,,1,1
CULTURA,"Gómez Naranjo, Abelardo",Directed,497,,2,2
Alpha,"Gómez Restrepo, Antonio",Directed,498,,2,2
CULTURA,"Gómez Restrepo, Antonio",Directed,499,,4,4
Revista Contemporánea,"Gómez Restrepo, Antonio",Directed,500,,2,2
Revista Literaria. Publicación Mensual,"Gómez Restrepo, Antonio",Directed,501,,3,3
Revista Moderna. (Enciclopedia colombiana),"Gómez Restrepo, Antonio",Directed,502,,2,2
Trofeos,"Gómez Restrepo, Antonio",Directed,503,,8,8
Revista Literaria. Publicación Mensual,"Gómez de Baquero, Eduardo",Directed,504,,2,2
La Gruta,"Gómez, Enrique",Directed,505,,1,1
Revista Contemporánea,"Gómez, Jaime Alfredo",Directed,506,,1,1
Lectura Amena,"Gómez, Lucas",Directed,507,,1,1
La Gruta,"Gómez, Plinio",Directed,508,,1,1
La Gruta,"Güell, Joaquín M.",Directed,509,,5,5
Revista Moderna. (Enciclopedia colombiana),"Güell, Joaquín M.",Directed,510,,1,1
Trofeos,"Güell, Joaquín M.",Directed,511,,1,1
CULTURA,"Hawthorne, Nathaniel",Directed,512,,1,1
Alpha,"Hearn, Lafcadio",Directed,513,,3,3
El Montañés,"Heine, Heinrich",Directed,514,,2,2
El Repertorio. Revista Mensual Ilustrada,"Heine, Heinrich",Directed,515,,1,1
Revista Literaria. Publicación Mensual,"Heine, Heinrich",Directed,516,,2,2
El Montañés,"Henao, Federico Carlos",Directed,517,,1,1
El Repertorio. Revista Mensual Ilustrada,"Henao, Federico Carlos",Directed,518,,3,3
La Bohemia Alegre,"Henao, Federico Carlos",Directed,519,,11,11
Revista Literaria. Publicación Mensual,Hephel,Directed,520,,2,2
La Gruta,"Heredia Márquez, Francisco de",Directed,521,,1,1
Revista Contemporánea,"Heredia Márquez, Francisco de",Directed,522,,3,3
Lectura Amena,"Heredia, José María de",Directed,523,,1,1
Revista Literaria. Publicación Mensual,"Heredia, José María de",Directed,524,,1,1
Trofeos,"Heredia, José María de",Directed,525,,11,11
Revista Moderna. (Enciclopedia colombiana),"Hermant, Abel",Directed,526,,1,1
Alpha,"Hernández Catá, Alfonso",Directed,527,,1,1
El Repertorio. Revista Mensual Ilustrada,"Hernández, Luis María",Directed,528,,1,1
Revista Moderna. (Enciclopedia colombiana),"Herrera, Benjamín",Directed,529,,1,1
La Gruta,"Herrán, Pablo Emilio",Directed,530,,1,1
Revista Literaria. Publicación Mensual,"Hidalgo Lara, Tomás",Directed,531,,2,2
Revista Contemporánea,"Hinestroza Daza, Ricardo",Directed,532,,5,5
Revista Literaria. Publicación Mensual,"Hoffmann, Ernst Theodor Amadeus",Directed,533,,1,1
CULTURA,"Holguín Caro, Hernando",Directed,534,,1,1
Revista Moderna. (Enciclopedia colombiana),"Holguín Caro, Hernando",Directed,535,,2,2
Revista Literaria. Publicación Mensual,"Holguín, Jorge",Directed,536,,1,1
Trofeos,"Holguín, Jorge",Directed,537,,1,1
Revista Moderna. (Enciclopedia colombiana),"Hoyos y Vinent, Antonio de",Directed,538,,1,1
Alpha,"Hoyos, Sebastián",Directed,539,,1,1
Lectura Amena,"Hugo, Victor",Directed,540,,2,2
Revista Literaria. Publicación Mensual,"Hugo, Victor",Directed,541,,2,2
Revista Moderna. (Enciclopedia colombiana),"Hugo, Victor",Directed,542,,1,1
Lectura Amena,"Huysmans, Joris-Karl",Directed,543,,1,1
Revista Literaria. Publicación Mensual,"Ibáñez, Pedro María",Directed,544,,6,6
Revista Moderna. (Enciclopedia colombiana),"Ibáñez, Pedro María",Directed,545,,3,3
Panida,"Icaza, Francisco A. de",Directed,546,,1,1
Trofeos,"Icaza, Francisco A. de",Directed,547,,2,2
Panida,"Ingenieros, José",Directed,548,,1,1
Revista Moderna. (Enciclopedia colombiana),"Ingenieros, José",Directed,549,,1,1
Revista Literaria. Publicación Mensual,"Isaacs, Jorge",Directed,550,,4,4
Lectura Amena,"Isaacs, Lisímaco",Directed,551,,1,1
Panida,"Isaza, Fernando",Directed,552,,1,1
La Gruta,"Isaza, Horacio",Directed,553,,3,3
Panida,"Isaza, Teodomiro",Directed,554,,6,6
Revista Literaria. Publicación Mensual,"Jackson Veyán, José",Directed,555,,1,1
Alpha,"Jaloux, Edmond",Directed,556,,1,1
Panida,"Jammes, Francis",Directed,557,,2,2
Lectura Amena,"Jaramillo A., Roberto",Directed,558,,3,3
Panida,"Jaramillo Arango, Rafael",Directed,559,,7,7
Panida,"Jaramillo Arango, Roberto",Directed,560,,1,1
El Repertorio. Revista Mensual Ilustrada,"Jaramillo Córdoba, Federico",Directed,561,,1,1
El Montañés,"Jaramillo Jaramillo, Germán",Directed,562,,1,1
Alpha,"Jaramillo Medina, Francisco",Directed,563,,5,5
Revista Moderna. (Enciclopedia colombiana),"Jaramillo Meza, Juan Bautista",Directed,564,,1,1
Alpha,"Jaramillo P., Escipión",Directed,565,,1,1
Lectura Amena,"Jaramillo P., Escipión",Directed,566,,3,3
Trofeos,"Jaramillo P., Escipión",Directed,567,,1,1
Alpha,"Jaramillo, Bernardo",Directed,568,,6,6
Lectura Amena,"Jaramillo, Bernardo",Directed,569,,1,1
Lectura y Arte,"Jaramillo, Bernardo",Directed,570,,1,1
Alpha,"Jaramillo, Emilio",Directed,571,,1,1
Lectura y Arte,"Jaramillo, Emilio",Directed,572,,1,1
Lectura Amena,"Jaramillo, Joaquín Emilio",Directed,573,,1,1
Trofeos,"Jeunesse, Ernest La",Directed,574,,1,1
CULTURA,"Jiménez López, Miguel",Directed,575,,4,4
Revista Literaria. Publicación Mensual,"Jiménez de la Espada, Marcos",Directed,576,,2,2
Panida,"Jiménez, Juan Ramón",Directed,577,,3,3
Revista Contemporánea,"Jiménez, Juan Ramón",Directed,578,,1,1
El Montañés,"Jiménez, Tobías",Directed,579,,2,2
Trofeos,"Joubert, Joseph",Directed,580,,1,1
La Gruta,"Joufrez, Lila de",Directed,581,,1,1
El Repertorio. Revista Mensual Ilustrada,"Jouy, Victor Joseph Étienne de",Directed,582,,1,1
Revista Literaria. Publicación Mensual,"Jugo Ramírez, Diego",Directed,583,,1,1
Revista Moderna. (Enciclopedia colombiana),"Kaminsky-Halpérine, Ilya",Directed,584,,1,1
Panida,"Khayyam, Omar",Directed,585,,1,1
Alpha,"Kipling, Rudyard",Directed,586,,2,2
Revista Moderna. (Enciclopedia colombiana),"L'Heureux, Marcel",Directed,587,,1,1
Alpha,LL. RR,Directed,588,,1,1
Revista Literaria. Publicación Mensual,"Lamartine, Alphonse de",Directed,589,,2,2
Revista Literaria. Publicación Mensual,"Lambert, Suzanne",Directed,590,,1,1
Revista Moderna. (Enciclopedia colombiana),"Lapauze, Jeanne",Directed,591,,1,1
El Montañés,"Larra, Gilberto E.",Directed,592,,1,1
Revista Literaria. Publicación Mensual,"Larrazábal, Antonio",Directed,593,,1,1
Lectura y Arte,"Latorre, Francisco A.",Directed,594,,3,3
Alpha,"Latorre, Gabriel",Directed,595,,2,2
El Montañés,"Latorre, Gabriel",Directed,596,,8,8
Lectura y Arte,"Latorre, Gabriel",Directed,597,,3,3
Revista Literaria. Publicación Mensual,"Laverde Amaya, Isidoro",Directed,598,,77,77
Revista Moderna. (Enciclopedia colombiana),"Laverde Liévano, Manuel",Directed,599,,1,1
Revista Literaria. Publicación Mensual,"Le Blond, M.",Directed,600,,1,1
Revista Literaria. Publicación Mensual,"Le Moyne, Arnaud Auguste Hilaire",Directed,601,,3,3
Revista Literaria. Publicación Mensual,"Legouvé, Ernest",Directed,602,,1,1
CULTURA,"Lemaître, Jules",Directed,603,,1,1
Revista Literaria. Publicación Mensual,"Lemly, Henry Rowan",Directed,604,,2,2
Trofeos,"Leopardi, Giacomo",Directed,605,,1,1
El Montañés,"León Gómez, Adolfo",Directed,606,,2,2
La Gruta,"León Gómez, Adolfo",Directed,607,,2,2
Lectura Amena,"León Gómez, Adolfo",Directed,608,,1,1
Lectura y Arte,"León Gómez, Adolfo",Directed,609,,1,1
Trofeos,"Lipparini, Giuseppe",Directed,610,,1,1
Lectura Amena,"Lisle, Leconte de",Directed,611,,2,2
Lectura Amena,"Lizardo, Pedro",Directed,612,,1,1
CULTURA,"Liévano, Roberto",Directed,613,,2,2
Revista Literaria. Publicación Mensual,"Llanos, Luis de",Directed,614,,1,1
La Gruta,"Lleras A., Alfredo",Directed,615,,2,2
Revista Moderna. (Enciclopedia colombiana),"Lleras Codazzi, Ricardo",Directed,616,,1,1
La Bohemia Alegre,"Londoño, Pedro P.",Directed,617,,4,4
Alpha,"Londoño, Víctor Manuel",Directed,618,,1,1
La Gruta,"Londoño, Víctor Manuel",Directed,619,,3,3
Lectura Amena,"Londoño, Víctor Manuel",Directed,620,,1,1
Lectura y Arte,"Londoño, Víctor Manuel",Directed,621,,1,1
Revista Contemporánea,"Londoño, Víctor Manuel",Directed,622,,4,4
Trofeos,"Londoño, Víctor Manuel",Directed,623,,25,25
Revista Literaria. Publicación Mensual,"Longfellow, Henry Wadsworth",Directed,624,,1,1
Revista Moderna. (Enciclopedia colombiana),"Lorenzana, Máximo",Directed,625,,1,1
Alpha,"Loti, Pierre",Directed,626,,1,1
Alpha,"Louÿs, Pierre",Directed,627,,1,1
Trofeos,"Louÿs, Pierre",Directed,628,,1,1
CULTURA,"Lozano y Lozano, Fabio",Directed,629,,6,6
Revista Moderna. (Enciclopedia colombiana),"Lozano y Lozano, Fabio",Directed,630,,2,2
Lectura Amena,"Lozano, Alberto",Directed,631,,1,1
Lectura y Arte,"Lugo, Silvio",Directed,632,,1,1
Revista Moderna. (Enciclopedia colombiana),"Lugones, Leopoldo",Directed,633,,1,1
Revista Literaria. Publicación Mensual,"López Iriarte, E.",Directed,634,,1,1
El Montañés,"López Lapuya, Isidoro",Directed,635,,1,1
La Bohemia Alegre,"López Penha, Abraham Zacarías",Directed,636,,1,1
CULTURA,"López de Mesa, Luis",Directed,637,,36,36
Alpha,"López, Alejandro",Directed,638,,2,2
El Montañés,"López, Alejandro",Directed,639,,1,1
CULTURA,"López, Ismael",Directed,640,,2,2
La Gruta,"López, Ismael",Directed,641,,10,10
Revista Contemporánea,"López, Ismael",Directed,642,,2,2
Revista Moderna. (Enciclopedia colombiana),"López, Ismael",Directed,643,,5,5
Trofeos,"López, Ismael",Directed,644,,19,19
La Gruta,"López, Samuel",Directed,645,,1,1
Trofeos,"Machado, Gonzalo",Directed,646,,1,1
Lectura y Arte,"Machado, Manuel",Directed,647,,2,2
Panida,"Machado, Manuel",Directed,648,,1,1
Alpha,"Maeterlinck, Maurice",Directed,649,,3,3
CULTURA,"Maeterlinck, Maurice",Directed,650,,1,1
Revista Contemporánea,"Magallanes Moure, Manuel",Directed,651,,1,1
Revista Moderna. (Enciclopedia colombiana),"Maizeroy, René",Directed,652,,2,2
Revista Literaria. Publicación Mensual,"Mallarino, Julio D.",Directed,653,,1,1
Panida,"Mallarmé, Stéphane",Directed,654,,1,1
Revista Contemporánea,"Mallarmé, Stéphane",Directed,655,,1,1
Revista Contemporánea,"Manrique, Juan E.",Directed,656,,1,1
La Gruta,"Manrique, Pedro Carlos",Directed,657,,1,1
Alpha,"Maragall, Juan",Directed,658,,1,1
Alpha,"Marquina, Eduardo",Directed,659,,1,1
Lectura Amena,"Marquina, Eduardo",Directed,660,,1,1
Panida,"Marquina, Eduardo",Directed,661,,1,1
Revista Literaria. Publicación Mensual,"Marquina, Pedro",Directed,662,,1,1
Revista Literaria. Publicación Mensual,"Marroquín, José Manuel",Directed,663,,2,2
La Bohemia Alegre,"Martel, L.",Directed,664,,1,1
Revista Literaria. Publicación Mensual,"Martín Mateos, Nicomedes",Directed,665,,1,1
Trofeos,"Martínez Rivas, Federico",Directed,666,,1,1
CULTURA,"Martínez Ruiz, José",Directed,667,,1,1
Panida,"Martínez Ruiz, José",Directed,668,,3,3
Revista Moderna. (Enciclopedia colombiana),"Martínez Ruiz, José",Directed,669,,1,1
Alpha,"Martínez Sierra, Gregorio",Directed,670,,2,2
Lectura Amena,"Martínez Sierra, Gregorio",Directed,671,,2,2
Lectura y Arte,"Martínez Sierra, Gregorio",Directed,672,,2,2
Revista Contemporánea,"Martínez Sierra, Gregorio",Directed,673,,2,2
Revista Literaria. Publicación Mensual,"Martínez Silva, Carlos",Directed,674,,1,1
Revista Literaria. Publicación Mensual,"Martínez Villergas, Juan",Directed,675,,1,1
Revista Literaria. Publicación Mensual,"Martínez, Antonio R.",Directed,676,,1,1
El Repertorio. Revista Mensual Ilustrada,"Martínez, Miguel",Directed,677,,1,1
Revista Contemporánea,"Martón é Izaguirre, J.",Directed,678,,1,1
Alpha,"Marín, Abel",Directed,679,,3,3
Lectura Amena,"Marín, Abel",Directed,680,,11,11
CULTURA,"Mateus, Jorge",Directed,681,,1,1
Revista Moderna. (Enciclopedia colombiana),"Matos Hurtado, Belisario",Directed,682,,1,1
Trofeos,"Matos Hurtado, Belisario",Directed,683,,1,1
Lectura Amena,"Maupassant, Guy de",Directed,684,,2,2
Lectura y Arte,"Maupassant, Guy de",Directed,685,,1,1
Revista Literaria. Publicación Mensual,"Maupassant, Guy de",Directed,686,,1,1
Revista Moderna. (Enciclopedia colombiana),"May, Dick",Directed,687,,1,1
La Gruta,"Maya, Juan Antonio",Directed,688,,1,1
Lectura Amena,"Maya, Juan Antonio",Directed,689,,1,1
El Montañés,"Maya, Juan F.",Directed,690,,1,1
Revista Literaria. Publicación Mensual,"Mayorga Rivas, Román",Directed,691,,1,1
Alpha,"Medina, Vicente",Directed,692,,4,4
Lectura Amena,"Medina, Vicente",Directed,693,,1,1
Panida,"Mejía Arango, Félix",Directed,694,,14,14
La Bohemia Alegre,"Mejía V., Sebastián",Directed,695,,1,1
Alpha,"Mejía Ángel, Gustavo",Directed,696,,1,1
Panida,"Mejía Ángel, Gustavo",Directed,697,,1,1
El Repertorio. Revista Mensual Ilustrada,"Mejía, Epifanio",Directed,698,,1,1
La Bohemia Alegre,"Mejía, Epifanio",Directed,699,,2,2
Lectura Amena,"Mejía, Epifanio",Directed,700,,1,1
Revista Literaria. Publicación Mensual,"Mejía, Epifanio",Directed,701,,1,1
La Bohemia Alegre,"Mejía, Gabriel",Directed,702,,1,1
Revista Literaria. Publicación Mensual,"Mendive y Daumy, Rafael María de",Directed,703,,1,1
CULTURA,"Mendoza, Diego",Directed,704,,2,2
La Gruta,"Mendoza, Diego",Directed,705,,2,2
Revista Moderna. (Enciclopedia colombiana),"Mendoza, Diego",Directed,706,,3,3
El Repertorio. Revista Mensual Ilustrada,"Mendès, Catulle",Directed,707,,1,1
La Gruta,"Mendès, Catulle",Directed,708,,1,1
Lectura Amena,"Mendès, Catulle",Directed,709,,2,2
Lectura Amena,"Mercado, Julio",Directed,710,,1,1
Revista Literaria. Publicación Mensual,"Merchán, Rafael María",Directed,711,,5,5
Lectura y Arte,"Merezhkovski, Dmitri",Directed,712,,1,1
Alpha,"Merizalde Uribe, Antonio",Directed,713,,2,2
Lectura Amena,"Merizalde Uribe, Antonio",Directed,714,,5,5
Panida,"Merizalde Uribe, Antonio",Directed,715,,2,2
CULTURA,"Merrill, Stuart",Directed,716,,1,1
Alpha,"Mesa Jaramillo, José María",Directed,717,,1,1
CULTURA,"Mesa Nicholls, Alejandro",Directed,718,,5,5
El Montañés,"Mesa, Rafael",Directed,719,,30,30
El Repertorio. Revista Mensual Ilustrada,"Mesa, Rafael",Directed,720,,5,5
El Repertorio. Revista Mensual Ilustrada,"Meteyard, Sidney",Directed,721,,1,1
Lectura Amena,"Michaud-D'Hamiae, L.",Directed,722,,1,1
Revista Literaria. Publicación Mensual,"Michelsen Uribe, Gustavo",Directed,723,,1,1
Revista Contemporánea,"Mikhaël, Efraín",Directed,724,,1,1
Revista Literaria. Publicación Mensual,"Millican, Albert",Directed,725,,2,2
Panida,"Miró Ferrer, Gabriel",Directed,726,,1,1
Revista Contemporánea,"Mockel, Albert",Directed,727,,2,2
Trofeos,"Mockel, Albert",Directed,728,,1,1
Revista Moderna. (Enciclopedia colombiana),"Moireau, Auguste",Directed,729,,1,1
CULTURA,"Molina Garcés, Ciro",Directed,730,,14,14
Revista Literaria. Publicación Mensual,"Molina Paniagua, Modesto",Directed,731,,1,1
Lectura Amena,"Molina, Carlos A.",Directed,732,,1,1
Lectura y Arte,"Molina, Carlos A.",Directed,733,,2,2
Revista Moderna. (Enciclopedia colombiana),"Molina, Pedro Antonio",Directed,734,,1,1
Revista Literaria. Publicación Mensual,"Monasterios Velásquez, Jesús María",Directed,735,,1,1
Revista Moderna. (Enciclopedia colombiana),"Monsalve, José Dolores",Directed,736,,2,2
Lectura Amena,"Monte, D. L.",Directed,737,,1,1
La Gruta,"Montes del Valle, Agripina",Directed,738,,2,2
CULTURA,"Montoya Canal, Aníbal",Directed,739,,1,1
La Bohemia Alegre,"Montoya Kennedy, F. A.",Directed,740,,2,2
Alpha,"Montoya Pérez, Rafael",Directed,741,,2,2
Lectura Amena,"Montoya Pérez, Rafael",Directed,742,,6,6
Lectura y Arte,"Montoya Pérez, Rafael",Directed,743,,3,3
El Repertorio. Revista Mensual Ilustrada,"Montoya, Antonio José",Directed,744,,1,1
La Bohemia Alegre,"Montoya, Antonio José",Directed,745,,8,8
Lectura Amena,"Montoya, Antonio José",Directed,746,,6,6
Lectura y Arte,"Montoya, Antonio José",Directed,747,,3,3
El Montañés,"Montoya, Eladio",Directed,748,,1,1
El Montañés,"Montoya, Gabriel",Directed,749,,28,28
Alpha,"Montoya, José",Directed,750,,4,4
El Montañés,"Montoya, José",Directed,751,,6,6
Panida,"Montoya, José",Directed,752,,1,1
El Montañés,"Montoya, Mariano",Directed,753,,1,1
Panida,"Mora Vásquez, José Manuel",Directed,754,,2,2
Revista Literaria. Publicación Mensual,"Mora, Félix",Directed,755,,1,1
Revista Literaria. Publicación Mensual,"Mora, José Joaquín de",Directed,756,,1,1
La Gruta,"Mora, Luis María",Directed,757,,1,1
Revista Moderna. (Enciclopedia colombiana),"Morales Berti, Luis",Directed,758,,1,1
Alpha,"Moreno Alba, Miguel",Directed,759,,1,1
Lectura Amena,"Moreno Alba, Miguel",Directed,760,,1,1
La Gruta,"Morice, Charles",Directed,761,,1,1
Lectura Amena,"Moréas, Jean",Directed,762,,1,1
Trofeos,"Moréas, Jean",Directed,763,,1,1
CULTURA,"Mosquera, Tomás Cipriano de",Directed,764,,7,7
Revista Literaria. Publicación Mensual,"Moussy, Martín de",Directed,765,,1,1
La Gruta,"Munroo, Alick",Directed,766,,1,1
Trofeos,"Murena, Claudio",Directed,767,,1,1
La Bohemia Alegre,"Murger, Henry",Directed,768,,1,1
El Montañés,"Murillo, Bartolomé Esteban",Directed,769,,1,1
El Montañés,"Musset, Alfred de",Directed,770,,2,2
El Repertorio. Revista Mensual Ilustrada,"Muñoz Fernández, Francisco de Paula",Directed,771,,1,1
El Montañés,"Muñoz, Luis J.",Directed,772,,1,1
CULTURA,"Márquez Bravo, Tomás",Directed,773,,2,2
Panida,"Márquez Bravo, Tomás",Directed,774,,1,1
Revista Moderna. (Enciclopedia colombiana),"Márquez Cuervo, Carlos",Directed,775,,1,1
Revista Literaria. Publicación Mensual,"Méndez y Mendoza, Eugenio",Directed,776,,1,1
Revista Literaria. Publicación Mensual,"Méndez, Juan de Dios",Directed,777,,1,1
Revista Literaria. Publicación Mensual,"Nanfa, Crisógono de",Directed,778,,1,1
Trofeos,"Naranjo Martínez, Enrique",Directed,779,,4,4
Revista Moderna. (Enciclopedia colombiana),"Narváez, Antonio de",Directed,780,,3,3
Revista Literaria. Publicación Mensual,"Narváez, Roberto de",Directed,781,,1,1
Revista Moderna. (Enciclopedia colombiana),"Narváez, Roberto de",Directed,782,,4,4
El Montañés,"Nauts, Carlos",Directed,783,,2,2
Alpha,"Navas Spínola, Domingo",Directed,784,,1,1
Lectura Amena,"Negueri, D.",Directed,785,,3,3
Lectura Amena,"Nervo, Amado",Directed,786,,9,9
Trofeos,"Nervo, Amado",Directed,787,,1,1
El Repertorio. Revista Mensual Ilustrada,"Nieremberg, Juan Eusebio",Directed,788,,2,2
CULTURA,"Nieto Caballero, Agustín",Directed,789,,21,21
CULTURA,"Nieto Caballero, Luis Eduardo",Directed,790,,4,4
Alpha,"Nieto, Ricardo",Directed,791,,2,2
Lectura Amena,"Nieto, Ricardo",Directed,792,,5,5
Trofeos,"Nieto, Ricardo",Directed,793,,1,1
Lectura y Arte,"Nogales, José",Directed,794,,1,1
Revista Contemporánea,"Nordau, Max",Directed,795,,1,1
Alpha,"Novicow, F.",Directed,796,,1,1
Lectura y Arte,"Núñez, Carlos",Directed,797,,1,1
Revista Literaria. Publicación Mensual,"Núñez, Rafael",Directed,798,,2,2
Revista Literaria. Publicación Mensual,"O'Kelly, James J.",Directed,799,,1,1
Revista Literaria. Publicación Mensual,"Obligado, Rafael",Directed,800,,1,1
Alpha,"Olano, Ricardo",Directed,801,,1,1
El Montañés,"Olano, Ricardo",Directed,802,,2,2
Lectura Amena,"Olano, Ricardo",Directed,803,,1,1
Lectura y Arte,"Olano, Ricardo",Directed,804,,2,2
Lectura y Arte,"Olarte, Enrique",Directed,805,,1,1
CULTURA,"Olaya Herrera, Enrique",Directed,806,,1,1
Revista Moderna. (Enciclopedia colombiana),"Olaya Herrera, Enrique",Directed,807,,1,1
Trofeos,"Olaya Herrera, Enrique",Directed,808,,1,1
CULTURA,"Onorato, Desiderio",Directed,809,,1,1
Revista Literaria. Publicación Mensual,"Orbigny, Alcide Charles Victor Marie Dessalines de",Directed,810,,1,1
Lectura y Arte,"Orrego Barros, Antonio",Directed,811,,1,1
Revista Contemporánea,"Ortega, Alfredo",Directed,812,,4,4
CULTURA,"Ortega, Alfredo Tomás",Directed,813,,1,1
Revista Moderna. (Enciclopedia colombiana),"Ortiz V., Manuel",Directed,814,,1,1
Revista Literaria. Publicación Mensual,"Ortiz, José Joaquín",Directed,815,,2,2
Revista Literaria. Publicación Mensual,"Ortiz, Nicolás",Directed,816,,1,1
Revista Literaria. Publicación Mensual,"Ortiz, Rafael",Directed,817,,1,1
Revista Literaria. Publicación Mensual,"Ortiz, Venancio",Directed,818,,2,2
Alpha,"Ospina Vásquez, Mariano",Directed,819,,8,8
El Montañés,"Ospina Vásquez, Mariano",Directed,820,,25,25
La Gruta,"Ospina Vásquez, Mariano",Directed,821,,1,1
Lectura y Arte,"Ospina Vásquez, Mariano",Directed,822,,6,6
Alpha,"Ospina Vásquez, Tulio",Directed,823,,1,1
El Montañés,"Ospina Vásquez, Tulio",Directed,824,,5,5
Lectura y Arte,"Ospina Vásquez, Tulio",Directed,825,,1,1
El Montañés,"Ospina, Pedro Nel",Directed,826,,3,3
El Repertorio. Revista Mensual Ilustrada,"Ospina, Pedro Nel",Directed,827,,1,1
La Bohemia Alegre,"Ospina, Pedro Nel",Directed,828,,1,1
Trofeos,"Ossa, Valentín",Directed,829,,1,1
Revista Literaria. Publicación Mensual,"Ossorio y Bernard, Manuel",Directed,830,,2,2
Trofeos,"Ouvré, Henry",Directed,831,,1,1
La Gruta,P. A.,Directed,832,,1,1
La Gruta,"Paillié, Francisco A.",Directed,833,,1,1
Revista Contemporánea,"Paillié, Francisco A.",Directed,834,,1,1
Trofeos,"Paillié, Francisco A.",Directed,835,,2,2
El Repertorio. Revista Mensual Ilustrada,"Palacio M., Obdulio",Directed,836,,2,2
Alpha,"Palacio Muñoz, Obdulio",Directed,837,,2,2
El Montañés,"Palacio Muñoz, Obdulio",Directed,838,,1,1
Trofeos,"Palacio Uribe, Benjamín",Directed,839,,1,1
Lectura Amena,"Palacio Uribe, Tomás",Directed,840,,1,1
Panida,"Palacio, Eduardo A.",Directed,841,,1,1
Revista Literaria. Publicación Mensual,"Palacio, Manuel del",Directed,842,,5,5
Revista Literaria. Publicación Mensual,"Palacios, Eustaquio",Directed,843,,1,1
Lectura Amena,"Palma, Clemente",Directed,844,,3,3
Alpha,"Paláu R., Antonio M.",Directed,845,,1,1
CULTURA,"Paláu, Alfonso",Directed,846,,16,16
Revista Literaria. Publicación Mensual,"Paláu, Melchor de",Directed,847,,1,1
Panida,"Papini, Giovanni",Directed,848,,1,1
Alpha,"Pardo Farelo, Enrique",Directed,849,,3,3
CULTURA,"Pardo Farelo, Enrique",Directed,850,,2,2
Revista Moderna. (Enciclopedia colombiana),"Pardo Farelo, Enrique",Directed,851,,1,1
Trofeos,"Pardo Farelo, Enrique",Directed,852,,2,2
La Gruta,"Parma, Juan de",Directed,853,,1,1
Panida,"Parra Toro, Libardo",Directed,854,,5,5
Alpha,"Parville, Henry de",Directed,855,,1,1
CULTURA,"París, Gonzalo",Directed,856,,2,2
Lectura Amena,"París, Luis",Directed,857,,1,1
El Repertorio. Revista Mensual Ilustrada,"Pascal, Blaise",Directed,858,,1,1
Lectura Amena,"Pastor Ríos, Justo",Directed,859,,1,1
El Montañés,"Peláez, Anatolio",Directed,860,,1,1
Alpha,"Peláez, Aurelio",Directed,861,,1,1
Revista Literaria. Publicación Mensual,"Peláez, Fidel",Directed,862,,1,1
Revista Contemporánea,"Pereira Gamba, Fortunato",Directed,863,,2,2
Revista Moderna. (Enciclopedia colombiana),"Pereira Gamba, Fortunato",Directed,864,,1,1
Revista Literaria. Publicación Mensual,"Pereira Gamba, Próspero",Directed,865,,16,16
Revista Moderna. (Enciclopedia colombiana),"Perrier, Joseph-Luis",Directed,866,,1,1
Trofeos,"Peña, Pedro A.",Directed,867,,1,1
Alpha,"Pichardo S., Manuel",Directed,868,,1,1
Revista Literaria. Publicación Mensual,"Picón Febrés, Gonzalo",Directed,869,,1,1
El Montañés,"Pillo, C.",Directed,870,,1,1
Trofeos,"Pilon, Edmond",Directed,871,,1,1
La Gruta,"Pinto, Eliseo",Directed,872,,1,1
Revista Moderna. (Enciclopedia colombiana),"Pinxit, Ch. Gill",Directed,873,,1,1
Revista Literaria. Publicación Mensual,"Pizano, Marco A.",Directed,874,,1,1
Revista Literaria. Publicación Mensual,"Pizarro, Alejandro",Directed,875,,3,3
El Repertorio. Revista Mensual Ilustrada,Platón,Directed,876,,1,1
Alpha,"Poe, Edgar Allan",Directed,877,,1,1
Lectura Amena,"Poe, Edgar Allan",Directed,878,,1,1
Panida,"Poe, Edgar Allan",Directed,879,,1,1
Revista Moderna. (Enciclopedia colombiana),"Pombo, Lino de",Directed,880,,1,1
La Gruta,"Pombo, Rafael",Directed,881,,1,1
Lectura Amena,"Pombo, Rafael",Directed,882,,3,3
Revista Literaria. Publicación Mensual,"Pombo, Rafael",Directed,883,,5,5
Revista Literaria. Publicación Mensual,"Porcar y Tió, Manuel",Directed,884,,1,1
Revista Literaria. Publicación Mensual,"Porras, José Ángel",Directed,885,,3,3
Alpha,"Posada Arango, Andrés",Directed,886,,2,2
El Montañés,"Posada Arango, Andrés",Directed,887,,1,1
El Repertorio. Revista Mensual Ilustrada,"Posada Hernández, Antonio",Directed,888,,2,2
La Bohemia Alegre,"Posada Hernández, Antonio",Directed,889,,3,3
CULTURA,"Posada, Adolfo",Directed,890,,2,2
Revista Contemporánea,"Posada, Eduardo",Directed,891,,6,6
Revista Literaria. Publicación Mensual,"Posada, Eduardo",Directed,892,,2,2
Revista Moderna. (Enciclopedia colombiana),"Posada, Eduardo",Directed,893,,1,1
Trofeos,"Posada, Eduardo",Directed,894,,3,3
La Gruta,"Posada, Guillermo",Directed,895,,1,1
Lectura Amena,"Posada, Guillermo",Directed,896,,1,1
Lectura y Arte,"Posada, Guillermo",Directed,897,,1,1
Trofeos,"Posada, Guillermo",Directed,898,,4,4
CULTURA,"Prevost, Marcel",Directed,899,,1,1
Revista Contemporánea,"Prudhomme, Sully",Directed,900,,1,1
Revista Literaria. Publicación Mensual,"Prudhomme, Sully",Directed,901,,2,2
Revista Moderna. (Enciclopedia colombiana),"Prudhomme, Sully",Directed,902,,1,1
Trofeos,"Prudhomme, Sully",Directed,903,,4,4
El Repertorio. Revista Mensual Ilustrada,"Prutz, Robert",Directed,904,,1,1
Revista Literaria. Publicación Mensual,"Préndez Murúa, Pedro Nolasco",Directed,905,,1,1
Revista Literaria. Publicación Mensual,"Puga de Losada, Amalia",Directed,906,,1,1
Revista Moderna. (Enciclopedia colombiana),"Pujol Martínez, Juan",Directed,907,,1,1
Revista Literaria. Publicación Mensual,"Páez M., Julián",Directed,908,,1,1
Revista Contemporánea,"Pérez Monsalva, Santiago",Directed,909,,2,2
Revista Literaria. Publicación Mensual,"Pérez Nieva, Alfonso",Directed,910,,1,1
Alpha,"Pérez Triana, Santiago",Directed,911,,2,2
El Montañés,"Pérez Triana, Santiago",Directed,912,,1,1
Lectura y Arte,"Pérez Triana, Santiago",Directed,913,,1,1
Revista Contemporánea,"Pérez Triana, Santiago",Directed,914,,3,3
Revista Moderna. (Enciclopedia colombiana),"Pérez Triana, Santiago",Directed,915,,2,2
Lectura Amena,"Pérez Zúñiga, Juan",Directed,916,,1,1
Lectura y Arte,"Pérez Zúñiga, Juan",Directed,917,,1,1
Revista Literaria. Publicación Mensual,"Pérez de Guzmán y Gallo, Juan",Directed,918,,2,2
Revista Moderna. (Enciclopedia colombiana),"Pérez, A. J.",Directed,919,,1,1
CULTURA,"Pérez, Enrique",Directed,920,,1,1
Revista Literaria. Publicación Mensual,"Pérez, Felipe",Directed,921,,1,1
El Montañés,"Pérez, Gregorio",Directed,922,,1,1
El Montañés,"Pérez, Rafael",Directed,923,,1,1
Revista Literaria. Publicación Mensual,"Pí y Margall, Francisco",Directed,924,,1,1
La Bohemia Alegre,"Quevedo Álvarez, Tomás",Directed,925,,5,5
Revista Literaria. Publicación Mensual,"Quevedo, Francisco de",Directed,926,,1,1
La Gruta,"Quijano Torres, Antonio",Directed,927,,1,1
CULTURA,"Quijano, Arturo",Directed,928,,1,1
La Gruta,"Quijano, Arturo",Directed,929,,5,5
Revista Moderna. (Enciclopedia colombiana),"Quijano, Arturo",Directed,930,,1,1
La Gruta,"Quijano, Arturo A.",Directed,931,,1,1
Alpha,RR.LL,Directed,932,,1,1
Revista Moderna. (Enciclopedia colombiana),"Rabot, Charles",Directed,933,,1,1
Alpha,Rachilde,Directed,934,,1,1
Revista Literaria. Publicación Mensual,"Ramos Ruiz, Gonzalo",Directed,935,,1,1
Revista Moderna. (Enciclopedia colombiana),"Ramos Urdaneta, Alfredo",Directed,936,,6,6
Alpha,"Ramos, José Luis",Directed,937,,1,1
Lectura y Arte,"Ramírez G., Enrique",Directed,938,,2,2
Alpha,"Ramírez, Clodomiro",Directed,939,,1,1
CULTURA,"Ramírez, Clodomiro",Directed,940,,1,1
CULTURA,"Rasch Isla, Miguel",Directed,941,,4,4
Revista Moderna. (Enciclopedia colombiana),"Rasch Isla, Miguel",Directed,942,,1,1
Panida,"Remouchamps, Victor",Directed,943,,1,1
Alpha,"Rendón, Francisco de Paula",Directed,944,,2,2
Lectura y Arte,"Rendón, Francisco de Paula",Directed,945,,1,1
CULTURA,"Rendón, Ricardo",Directed,946,,1,1
Panida,"Rendón, Ricardo",Directed,947,,19,19
Alpha,"Restrepo Briceño, Fernando",Directed,948,,1,1
El Montañés,"Restrepo E., José Vicente",Directed,949,,1,1
Alpha,"Restrepo Euse, Álvaro",Directed,950,,3,3
La Gruta,"Restrepo Gómez, Francisco",Directed,951,,1,1
Revista Moderna. (Enciclopedia colombiana),"Restrepo Gómez, Francisco",Directed,952,,2,2
Panida,"Restrepo Jaramillo, José Luis",Directed,953,,1,1
Revista Literaria. Publicación Mensual,"Restrepo Maya, José María",Directed,954,,3,3
Panida,"Restrepo Olarte, Jesús",Directed,955,,5,5
Alpha,"Restrepo Restrepo, Antonio María",Directed,956,,4,4
El Repertorio. Revista Mensual Ilustrada,"Restrepo Restrepo, Antonio María",Directed,957,,3,3
La Bohemia Alegre,"Restrepo Restrepo, Antonio María",Directed,958,,6,6
Lectura Amena,"Restrepo Restrepo, Antonio María",Directed,959,,18,18
Lectura y Arte,"Restrepo Restrepo, Antonio María",Directed,960,,1,1
Panida,"Restrepo Restrepo, Antonio María",Directed,961,,2,2
Alpha,"Restrepo Restrepo, Carlos Eugenio",Directed,962,,4,4
CULTURA,"Restrepo Restrepo, Carlos Eugenio",Directed,963,,2,2
El Montañés,"Restrepo Restrepo, Carlos Eugenio",Directed,964,,3,3
El Repertorio. Revista Mensual Ilustrada,"Restrepo Restrepo, Carlos Eugenio",Directed,965,,2,2
La Bohemia Alegre,"Restrepo Restrepo, Carlos Eugenio",Directed,966,,1,1
Lectura y Arte,"Restrepo Restrepo, Carlos Eugenio",Directed,967,,3,3
Alpha,"Restrepo Rivera, J.",Directed,968,,2,2
Panida,"Restrepo Rivera, Jesús",Directed,969,,3,3
CULTURA,"Restrepo Rivera, José",Directed,970,,6,6
Revista Moderna. (Enciclopedia colombiana),"Restrepo Sáenz, José María",Directed,971,,1,1
Revista Literaria. Publicación Mensual,"Restrepo Tirado, Ernesto",Directed,972,,15,15
Revista Moderna. (Enciclopedia colombiana),"Restrepo Tirado, Ernesto",Directed,973,,4,4
Revista Literaria. Publicación Mensual,"Restrepo Vélez, José Manuel",Directed,974,,2,2
Alpha,"Restrepo, Antonio José",Directed,975,,4,4
Revista Literaria. Publicación Mensual,"Restrepo, José Manuel",Directed,976,,9,9
Revista Moderna. (Enciclopedia colombiana),"Restrepo, José Manuel",Directed,977,,1,1
El Montañés,"Restrepo, José María",Directed,978,,2,2
El Repertorio. Revista Mensual Ilustrada,"Restrepo, Juan de Dios",Directed,979,,2,2
El Repertorio. Revista Mensual Ilustrada,"Restrepo, Lisandro",Directed,980,,1,1
La Bohemia Alegre,"Restrepo, Lisandro",Directed,981,,1,1
El Montañés,"Restrepo, Lucio A.",Directed,982,,5,5
El Montañés,"Restrepo, Paulo Emilio",Directed,983,,1,1
El Repertorio. Revista Mensual Ilustrada,"Restrepo, Paulo Emilio",Directed,984,,2,2
Alpha,"Restrepo, Saturnino",Directed,985,,33,33
El Montañés,"Restrepo, Saturnino",Directed,986,,6,6
El Repertorio. Revista Mensual Ilustrada,"Restrepo, Saturnino",Directed,987,,3,3
La Bohemia Alegre,"Restrepo, Saturnino",Directed,988,,9,9
Lectura Amena,"Restrepo, Saturnino",Directed,989,,2,2
Lectura y Arte,"Restrepo, Saturnino",Directed,990,,4,4
Revista Contemporánea,"Restrepo, Saturnino",Directed,991,,1,1
Trofeos,"Restrepo, Saturnino",Directed,992,,1,1
Revista Literaria. Publicación Mensual,"Restrepo, Vicente",Directed,993,,17,17
Trofeos,"Retté, Adolphe",Directed,994,,1,1
Lectura Amena,"Riche, Iván",Directed,995,,1,1
Lectura Amena,"Rios de Lamperez, Blanca de los",Directed,996,,1,1
La Gruta,"Rivas Frade, Federico",Directed,997,,8,8
Revista Literaria. Publicación Mensual,"Rivas Frade, Federico",Directed,998,,2,2
Revista Moderna. (Enciclopedia colombiana),"Rivas Groot, Evaristo",Directed,999,,1,1
Revista Literaria. Publicación Mensual,"Rivas Groot, José María",Directed,1000,,3,3
Revista Moderna. (Enciclopedia colombiana),"Rivas Groot, José María",Directed,1001,,1,1
Revista Literaria. Publicación Mensual,"Rivas, Medardo",Directed,1002,,4,4
CULTURA,"Rivas, Raimundo",Directed,1003,,22,22
Revista Literaria. Publicación Mensual,"Rivera y Garrido, Luciano",Directed,1004,,4,4
CULTURA,"Rivera, José Eustasio",Directed,1005,,2,2
Lectura Amena,"Robledo J., Alfonso",Directed,1006,,1,1
Lectura y Arte,"Robledo Villa, Alonso",Directed,1007,,1,1
El Montañés,"Robledo, Emilio",Directed,1008,,3,3
Alpha,"Robledo, Eusebio",Directed,1009,,1,1
El Repertorio. Revista Mensual Ilustrada,"Robledo, Eusebio",Directed,1010,,4,4
Lectura Amena,"Robledo, Eusebio",Directed,1011,,3,3
Lectura y Arte,"Robledo, Eusebio",Directed,1012,,2,2
Revista Moderna. (Enciclopedia colombiana),"Robledo, Eusebio",Directed,1013,,1,1
Lectura Amena,"Robledo, Jorge Samuel",Directed,1014,,2,2
Revista Literaria. Publicación Mensual,"Rocha, Joaquín",Directed,1015,,1,1
Lectura Amena,"Rochefort, Henri",Directed,1016,,2,2
Revista Literaria. Publicación Mensual,"Rodríguez G., Sixto",Directed,1017,,1,1
Alpha,"Rodríguez Moya, Francisco",Directed,1018,,1,1
Lectura Amena,"Rodríguez Moya, Francisco",Directed,1019,,4,4
Revista Contemporánea,"Rodríguez O., Eugenio",Directed,1020,,2,2
Panida,"Rodríguez Rendueles, M.",Directed,1021,,1,1
Revista Literaria. Publicación Mensual,"Rodríguez Zapata, Francisco",Directed,1022,,1,1
El Montañés,"Rodríguez, Alfredo J.",Directed,1023,,1,1
El Montañés,"Rodríguez, Horacio Marino",Directed,1024,,28,28
El Repertorio. Revista Mensual Ilustrada,"Rodríguez, Horacio Marino",Directed,1025,,95,95
El Montañés,"Rodríguez, Melitón",Directed,1026,,4,4
Lectura y Arte,"Rodríguez, Melitón",Directed,1027,,1,1
Panida,"Rodó, José Enrique",Directed,1028,,1,1
Revista Moderna. (Enciclopedia colombiana),"Rodó, José Enrique",Directed,1029,,1,1
Revista Contemporánea,"Rojas, Julio A.",Directed,1030,,1,1
Alpha,"Rollinat, Maurice",Directed,1031,,1,1
Revista Literaria. Publicación Mensual,"Romero A., Ángel María",Directed,1032,,3,3
Revista Literaria. Publicación Mensual,"Romero P., Carlos",Directed,1033,,1,1
Trofeos,"Rosa, Leopoldo de la",Directed,1034,,1,1
CULTURA,"Rosales, Carlos N.",Directed,1035,,1,1
Revista Moderna. (Enciclopedia colombiana),"Rosales, Carlos N.",Directed,1036,,1,1
Revista Literaria. Publicación Mensual,"Rosas, Gabriel",Directed,1037,,1,1
Revista Literaria. Publicación Mensual,"Rossel, Juan C.",Directed,1038,,1,1
Lectura Amena,"Roure, José de",Directed,1039,,1,1
Revista Moderna. (Enciclopedia colombiana),"Roux, Hugo Le",Directed,1040,,1,1
La Gruta,"Rozo Martínez, Darío",Directed,1041,,1,1
Revista Literaria. Publicación Mensual,"Rubió y Ors, Joaquín",Directed,1042,,1,1
CULTURA,"Rueda Vargas, Tomás",Directed,1043,,4,4
El Repertorio. Revista Mensual Ilustrada,"Rueda, Salvador",Directed,1044,,1,1
Lectura y Arte,"Rueda, Salvador",Directed,1045,,1,1
Lectura Amena,"Rusiñol, Santiago",Directed,1046,,1,1
Panida,"Rusiñol, Santiago",Directed,1047,,1,1
Revista Moderna. (Enciclopedia colombiana),"Ruíz, Dael",Directed,1048,,12,12
Trofeos,"Régnier, Henri de",Directed,1049,,1,1
La Gruta,"Rémy, François",Directed,1050,,4,4
La Gruta,"Saavedra Galindo, José Manuel",Directed,1051,,1,1
Revista Moderna. (Enciclopedia colombiana),"Saavedra Molina, Julio",Directed,1052,,1,1
El Repertorio. Revista Mensual Ilustrada,"Saavedra, Ángel de",Directed,1053,,1,1
Revista Literaria. Publicación Mensual,"Sacher-Masoch, Leopold von",Directed,1054,,2,2
Revista Literaria. Publicación Mensual,"Saco, Eduardo",Directed,1055,,1,1
Revista Moderna. (Enciclopedia colombiana),"Saco, José Antonio",Directed,1056,,1,1
El Repertorio. Revista Mensual Ilustrada,"Saint-Victor, Paul de",Directed,1057,,1,1
Revista Moderna. (Enciclopedia colombiana),"Saint-Victor, Paul de",Directed,1058,,1,1
Revista Moderna. (Enciclopedia colombiana),"Salamanca Torres, Demetrio",Directed,1059,,1,1
El Montañés,Salazar H. Jerónimo,Directed,1060,,1,1
Lectura y Arte,"Salazar Álvarez, José María",Directed,1061,,1,1
Lectura Amena,Salduba,Directed,1062,,1,1
Revista Literaria. Publicación Mensual,"Samper de Ancízar, Agripina",Directed,1063,,1,1
Revista Contemporánea,"Samper, Emilio",Directed,1064,,2,2
Revista Literaria. Publicación Mensual,"Samper, José María",Directed,1065,,1,1
Revista Moderna. (Enciclopedia colombiana),"Samper, Miguel",Directed,1066,,1,1
CULTURA,"Sanchéz de Iriarte, Alberto",Directed,1067,,1,1
Revista Moderna. (Enciclopedia colombiana),Sant Pinxit,Directed,1068,,1,1
Trofeos,"Santa María Vermersch, R.",Directed,1069,,1,1
Lectura y Arte,"Santa María, Andrés de",Directed,1070,,1,1
Revista Contemporánea,"Santamaría, Nepomuceno",Directed,1071,,1,1
CULTURA,"Santos, Eduardo",Directed,1072,,2,2
CULTURA,"Santos, Gustavo",Directed,1073,,12,12
Alpha,"Sanín Cano, Baldomero",Directed,1074,,1,1
La Gruta,"Sanín Cano, Baldomero",Directed,1075,,3,3
Lectura y Arte,"Sanín Cano, Baldomero",Directed,1076,,1,1
Revista Contemporánea,"Sanín Cano, Baldomero",Directed,1077,,32,32
Revista Literaria. Publicación Mensual,"Sanín Cano, Baldomero",Directed,1078,,3,3
Trofeos,"Sanín Cano, Baldomero",Directed,1079,,6,6
Revista Literaria. Publicación Mensual,"Saravia, Hermógenes",Directed,1080,,1,1
Revista Moderna. (Enciclopedia colombiana),"Savage, Richard Henry",Directed,1081,,6,6
Revista Moderna. (Enciclopedia colombiana),"Saíz, José María",Directed,1082,,1,1
El Repertorio. Revista Mensual Ilustrada,"Sbarbi y Osuna, José María",Directed,1083,,1,1
La Gruta,"Scarpetta, Oswaldo",Directed,1084,,1,1
Revista Contemporánea,"Schafi, Mirza",Directed,1085,,1,1
Alpha,"Schiller, Friedrich",Directed,1086,,1,1
Lectura y Arte,"Schopenhauer, Arthur",Directed,1087,,1,1
Panida,"Schopenhauer, Arthur",Directed,1088,,1,1
Revista Moderna. (Enciclopedia colombiana),"Schwob, L.",Directed,1089,,1,1
Revista Contemporánea,"Schwob, Marcel",Directed,1090,,8,8
Revista Literaria. Publicación Mensual,"Scribe, Eugène",Directed,1091,,1,1
Revista Moderna. (Enciclopedia colombiana),"Segovia, L.",Directed,1092,,1,1
Revista Moderna. (Enciclopedia colombiana),"Serao, Matilde",Directed,1093,,2,2
Revista Moderna. (Enciclopedia colombiana),"Sevilla, Rafael",Directed,1094,,1,1
El Repertorio. Revista Mensual Ilustrada,"Shakespeare, William",Directed,1095,,1,1
Revista Literaria. Publicación Mensual,"Shakespeare, William",Directed,1096,,1,1
Lectura Amena,"Sienkiewicz, Henryk",Directed,1097,,1,1
Lectura Amena,"Sierra, Justo",Directed,1098,,1,1
Revista Literaria. Publicación Mensual,"Siles, José de",Directed,1099,,2,2
Revista Moderna. (Enciclopedia colombiana),"Silva Cruz, Carlos",Directed,1100,,1,1
Revista Moderna. (Enciclopedia colombiana),"Silva Vidal, Ismael",Directed,1101,,1,1
Revista Moderna. (Enciclopedia colombiana),"Silva, Clímaco",Directed,1102,,1,1
CULTURA,"Silva, José Asunción",Directed,1103,,1,1
Lectura Amena,"Silva, José Asunción",Directed,1104,,11,11
Panida,"Silva, José Asunción",Directed,1105,,1,1
Revista Literaria. Publicación Mensual,"Silva, José Asunción",Directed,1106,,2,2
Revista Moderna. (Enciclopedia colombiana),"Silva, José Asunción",Directed,1107,,1,1
Revista Literaria. Publicación Mensual,"Silvela, Francisco",Directed,1108,,1,1
Lectura y Arte,"Silvestre, Armand",Directed,1109,,1,1
Panida,"Silvestre, Armand",Directed,1110,,1,1
Revista Literaria. Publicación Mensual,"Sinués de Marco, María del Pilar",Directed,1111,,1,1
Alpha,"Solano Patiño, José",Directed,1112,,1,1
Lectura Amena,"Solano Patiño, José",Directed,1113,,2,2
Lectura y Arte,"Solano Patiño, José",Directed,1114,,1,1
CULTURA,"Solano, Armando",Directed,1115,,1,1
Revista Literaria. Publicación Mensual,"Soriano y Barroeta-Aldamar, Rodrigo",Directed,1116,,2,2
Alpha,"Soto Borda, Clímaco",Directed,1117,,2,2
La Gruta,"Soto Borda, Clímaco",Directed,1118,,2,2
Lectura Amena,"Soto Borda, Clímaco",Directed,1119,,3,3
Lectura y Arte,"Soto Borda, Clímaco",Directed,1120,,2,2
Revista Moderna. (Enciclopedia colombiana),"Soto Borda, Clímaco",Directed,1121,,1,1
Alpha,"Soto, Aquilino",Directed,1122,,1,1
El Repertorio. Revista Mensual Ilustrada,"Sousa, Lope de",Directed,1123,,1,1
Lectura Amena,"Stecchetti, Lorenzo",Directed,1124,,1,1
Panida,"Suarès, André",Directed,1125,,1,1
Revista Literaria. Publicación Mensual,"Suárez, Roberto",Directed,1126,,2,2
Alpha,"Sánchez, Alberto",Directed,1127,,4,4
CULTURA,"Sánchez, Alberto",Directed,1128,,5,5
La Gruta,"Sánchez, Alberto",Directed,1129,,5,5
Revista Contemporánea,"Sánchez, Alberto",Directed,1130,,5,5
Revista Moderna. (Enciclopedia colombiana),"Sánchez, Alberto",Directed,1131,,1,1
Trofeos,"Sánchez, Alberto",Directed,1132,,4,4
El Repertorio. Revista Mensual Ilustrada,"Ségur, Eugène de",Directed,1133,,1,1
Lectura Amena,"Tablada, José Juan",Directed,1134,,2,2
Revista Literaria. Publicación Mensual,"Taboada, Luis",Directed,1135,,3,3
CULTURA,"Tagore, Rabindranath",Directed,1136,,8,8
Lectura Amena,"Talero Núñez, Eduardo",Directed,1137,,1,1
Revista Literaria. Publicación Mensual,"Talleyrand, Charles Maurice de",Directed,1138,,1,1
La Gruta,"Tamayo, Carlos",Directed,1139,,1,1
Lectura Amena,"Taunay, Vizconde de",Directed,1140,,1,1
Revista Contemporánea,"Taunay, Vizconde de",Directed,1141,,1,1
CULTURA,"Tavera C., Rafael",Directed,1142,,1,1
Lectura Amena,"Tejada Córdoba, Benjamín",Directed,1143,,10,10
Lectura y Arte,"Tejada Córdoba, Benjamín",Directed,1144,,1,1
Revista Literaria. Publicación Mensual,"Tejada, Temístocles",Directed,1145,,1,1
Revista Literaria. Publicación Mensual,"Tejera, Felipe",Directed,1146,,1,1
Lectura y Arte,"Tennyson, Alfred",Directed,1147,,1,1
La Gruta,"Terán, Luis María",Directed,1148,,1,1
CULTURA,Teócrito,Directed,1149,,1,1
El Montañés,"Thein, Max",Directed,1150,,2,2
Revista Literaria. Publicación Mensual,"Tinseau, Léon de",Directed,1151,,1,1
Revista Contemporánea,"Tirado Macías, Ricardo",Directed,1152,,1,1
Revista Literaria. Publicación Mensual,"Tobar, Alfonso",Directed,1153,,1,1
El Montañés,"Tobón Mejía, Marco",Directed,1154,,7,7
Lectura y Arte,"Tobón Mejía, Marco",Directed,1155,,50,50
Revista Literaria. Publicación Mensual,"Toché, Raoul",Directed,1156,,1,1
Lectura Amena,"Tolstói, Lev Nikoláievich",Directed,1157,,1,1
Revista Literaria. Publicación Mensual,"Tolstói, Lev Nikoláievich",Directed,1158,,2,2
CULTURA,"Torres Durán, Carlos",Directed,1159,,1,1
CULTURA,"Torres Méndez, Ramón",Directed,1160,,1,1
CULTURA,"Torres Pinzón, Carlos A.",Directed,1161,,6,6
CULTURA,"Torres Umaña, Calixto",Directed,1162,,2,2
La Gruta,"Torres, Carlos Arturo",Directed,1163,,1,1
Revista Literaria. Publicación Mensual,"Torres, Carlos Arturo",Directed,1164,,1,1
Trofeos,"Torres, Carlos Arturo",Directed,1165,,2,2
Revista Contemporánea,"Toudouze, Georges-Gustave",Directed,1166,,1,1
La Bohemia Alegre,"Trespalacios, Jesús María",Directed,1167,,1,1
Alpha,"Triana, Miguel",Directed,1168,,2,2
CULTURA,"Triana, Miguel",Directed,1169,,1,1
El Repertorio. Revista Mensual Ilustrada,"Triana, Miguel",Directed,1170,,2,2
El Repertorio. Revista Mensual Ilustrada,"Turgenev, Ivan",Directed,1171,,1,1
Panida,"Turgenev, Ivan",Directed,1172,,1,1
Lectura y Arte,"Twain, Marc",Directed,1173,,1,1
Lectura Amena,"Ugarte, Manuel",Directed,1174,,2,2
Alpha,"Unamuno, Miguel de",Directed,1175,,1,1
Lectura Amena,"Unamuno, Miguel de",Directed,1176,,1,1
Revista Moderna. (Enciclopedia colombiana),"Urdaneta Ramos, Alfredo",Directed,1177,,1,1
CULTURA,"Urdaneta, Alberto",Directed,1178,,1,1
CULTURA,"Uribe Arango, Marcelino",Directed,1179,,1,1
Alpha,"Uribe Gómez, Pedro",Directed,1180,,4,4
Revista Contemporánea,"Uribe Holguín, Guillermo",Directed,1181,,1,1
Trofeos,"Uribe Holguín, Guillermo",Directed,1182,,1,1
Lectura Amena,"Uribe Mejía, Francisco Antonio",Directed,1183,,1,1
Lectura Amena,"Uribe Uribe, Rafael",Directed,1184,,1,1
Alpha,"Uribe Ángel, Manuel",Directed,1185,,1,1
El Montañés,"Uribe Ángel, Manuel",Directed,1186,,2,2
El Repertorio. Revista Mensual Ilustrada,"Uribe Ángel, Manuel",Directed,1187,,1,1
Revista Literaria. Publicación Mensual,"Uribe Ángel, Manuel",Directed,1188,,10,10
Revista Moderna. (Enciclopedia colombiana),"Uribe Ángel, Manuel",Directed,1189,,1,1
Alpha,"Uribe, Basiliso",Directed,1190,,1,1
Alpha,"Uribe, Diego",Directed,1191,,1,1
La Gruta,"Uribe, Diego",Directed,1192,,2,2
Revista Contemporánea,"Uribe, Diego",Directed,1193,,1,1
Revista Literaria. Publicación Mensual,"Uribe, Diego",Directed,1194,,1,1
Revista Moderna. (Enciclopedia colombiana),"Uribe, Diego",Directed,1195,,1,1
Trofeos,"Uribe, Diego",Directed,1196,,4,4
Lectura Amena,"Uribe, Gustavo",Directed,1197,,1,1
Alpha,"Uribe, Joaquín Antonio",Directed,1198,,2,2
Lectura Amena,"Uribe, Martín",Directed,1199,,1,1
Lectura Amena,"Urrecha, Federico",Directed,1200,,1,1
CULTURA,"Urrutia, Francisco José",Directed,1201,,1,1
Revista Moderna. (Enciclopedia colombiana),"Urrutia, Francisco José",Directed,1202,,2,2
Revista Literaria. Publicación Mensual,"Vaca, Vicente",Directed,1203,,2,2
Alpha,"Valcarce García, Javier",Directed,1204,,1,1
Trofeos,"Valderrama, Felipe",Directed,1205,,10,10
La Gruta,"Valencia, Francisco",Directed,1206,,7,7
Lectura Amena,"Valencia, Francisco",Directed,1207,,3,3
Revista Contemporánea,"Valencia, Francisco",Directed,1208,,6,6
Trofeos,"Valencia, Francisco",Directed,1209,,4,4
Lectura Amena,"Valencia, Guillermo",Directed,1210,,3,3
Panida,"Valencia, Guillermo",Directed,1211,,1,1
Revista Contemporánea,"Valencia, Guillermo",Directed,1212,,2,2
CULTURA,"Valencia, Miguel Santiago",Directed,1213,,4,4
Revista Moderna. (Enciclopedia colombiana),"Valenzuela, Eduardo",Directed,1214,,1,1
Revista Literaria. Publicación Mensual,"Valenzuela, Teodoro",Directed,1215,,1,1
Lectura Amena,"Valle-Inclán, Ramón del",Directed,1216,,2,2
Panida,"Valle-Inclán, Ramón del",Directed,1217,,1,1
Alpha,"Vallés, L.",Directed,1218,,1,1
La Gruta,"Vargas Tamayo, Roberto",Directed,1219,,3,3
Lectura Amena,"Vargas Vila, José María",Directed,1220,,1,1
Panida,"Vargas Vila, José María",Directed,1221,,1,1
Alpha,"Vargas, Justo",Directed,1222,,1,1
Revista Literaria. Publicación Mensual,"Varigny, Charles Victor Crosnier",Directed,1223,,1,1
Panida,"Vasco, Eduardo",Directed,1224,,7,7
La Gruta,"Vega, Alejandro",Directed,1225,,6,6
Lectura y Arte,"Velilla Yepes, Samuel",Directed,1226,,1,1
El Montañés,"Velásquez Botero, Samuel",Directed,1227,,6,6
Lectura y Arte,"Velásquez Botero, Samuel",Directed,1228,,1,1
Trofeos,"Velásquez Botero, Samuel",Directed,1229,,1,1
Alpha,"Velásquez García, José",Directed,1230,,5,5
El Repertorio. Revista Mensual Ilustrada,"Velásquez García, José",Directed,1231,,6,6
La Bohemia Alegre,"Velásquez García, José",Directed,1232,,9,9
Lectura Amena,"Velásquez García, José",Directed,1233,,10,10
Lectura y Arte,"Velásquez García, José",Directed,1234,,2,2
Revista Contemporánea,"Velásquez García, José",Directed,1235,,1,1
Alpha,"Velásquez, Edmundo",Directed,1236,,3,3
Trofeos,"Velásquez, Edmundo",Directed,1237,,1,1
Lectura Amena,"Velázquez, Alejandro",Directed,1238,,1,1
Revista Literaria. Publicación Mensual,"Verbrugghe, George",Directed,1239,,2,2
Revista Literaria. Publicación Mensual,"Verbrugghe, Louis Emile",Directed,1240,,2,2
Revista Moderna. (Enciclopedia colombiana),"Vergara y Vergara, José María",Directed,1241,,1,1
Revista Moderna. (Enciclopedia colombiana),"Verhaeren, Émile",Directed,1242,,1,1
Trofeos,"Vermersch, R. Santa María",Directed,1243,,3,3
El Repertorio. Revista Mensual Ilustrada,"Vidal Pacheco, Gonzalo",Directed,1244,,3,3
La Bohemia Alegre,"Vidal Pacheco, Gonzalo",Directed,1245,,1,1
Lectura y Arte,"Vidal, Enrique",Directed,1246,,3,3
El Montañés,"Vidal, Gonzalo",Directed,1247,,3,3
Lectura y Arte,"Vidal, Gonzalo",Directed,1248,,2,2
CULTURA,"Vila, Pablo",Directed,1249,,2,2
Lectura y Arte,"Vilgio, Leo",Directed,1250,,1,1
Panida,"Villa Carrasquilla, Jorge",Directed,1251,,6,6
Panida,"Villa López, Francisco",Directed,1252,,3,3
Revista Literaria. Publicación Mensual,"Villa Vélez, Eduardo",Directed,1253,,2,2
Panida,"Villaespesa, Francisco",Directed,1254,,2,2
La Gruta,"Villafañe, Carlos",Directed,1255,,6,6
Trofeos,"Villafañe, Carlos",Directed,1256,,3,3
Revista Literaria. Publicación Mensual,"Villamartín, Isabel de",Directed,1257,,1,1
Lectura Amena,"Villegas Arango, Alfonso",Directed,1258,,1,1
Alpha,"Villegas, Aquilino",Directed,1259,,2,2
Lectura Amena,"Villegas, Aquilino",Directed,1260,,2,2
Lectura y Arte,"Villegas, Aquilino",Directed,1261,,1,1
Panida,"Villegas, Aquilino",Directed,1262,,1,1
Alpha,"Villegas, Luis Eduardo",Directed,1263,,3,3
Lectura Amena,"Villegas, Luis Eduardo",Directed,1264,,1,1
Revista Contemporánea,"Villegas, Luis Eduardo",Directed,1265,,1,1
La Gruta,"Villegas, Marco A.",Directed,1266,,1,1
Alpha,"Villiers de L'Isle-Adam, Auguste de",Directed,1267,,2,2
Panida,"Visan, Tancrède de",Directed,1268,,1,1
Alpha,"Vives, Luis",Directed,1269,,4,4
Lectura Amena,"Vives, Luis",Directed,1270,,1,1
Lectura Amena,"Vásquez Barreneche, Alejandro",Directed,1271,,1,1
Revista Literaria. Publicación Mensual,"Vásquez Guarda, Efraím",Directed,1272,,1,1
Revista Literaria. Publicación Mensual,"Vásquez, Honorato",Directed,1273,,1,1
El Montañés,"Vásquez, Juan de Dios",Directed,1274,,2,2
El Repertorio. Revista Mensual Ilustrada,"Vásquez, Juan de Dios",Directed,1275,,1,1
La Bohemia Alegre,"Vásquez, Juan de Dios",Directed,1276,,1,1
Lectura y Arte,"Vásquez, Juan de Dios",Directed,1277,,1,1
Alpha,"Vélez Barrientos, Lucrecio",Directed,1278,,12,12
El Repertorio. Revista Mensual Ilustrada,"Vélez Barrientos, Lucrecio",Directed,1279,,1,1
La Bohemia Alegre,"Vélez Barrientos, Lucrecio",Directed,1280,,1,1
Alpha,"Vélez, Bonifacio",Directed,1281,,1,1
El Montañés,"Vélez, Bonifacio",Directed,1282,,2,2
Lectura Amena,"Vélez, Bonifacio",Directed,1283,,2,2
Lectura Amena,"Vélez, Salvador",Directed,1284,,3,3
Alpha,"Vélez, Victoriano",Directed,1285,,3,3
El Montañés,"Vélez, Victoriano",Directed,1286,,3,3
Lectura Amena,"Vélez, Victoriano",Directed,1287,,2,2
Revista Literaria. Publicación Mensual,"Wadsworth Longfellow, Henry",Directed,1288,,2,2
Alpha,"Wilde, Oscar",Directed,1289,,1,1
Panida,"Wilde, Oscar",Directed,1290,,2,2
Trofeos,"Wilde, Oscar",Directed,1291,,3,3
CULTURA,"Wilson, Woodrow",Directed,1292,,1,1
El Repertorio. Revista Mensual Ilustrada,"Wolff, Pierre",Directed,1293,,1,1
Lectura Amena,"Wyzewa, Teodor de",Directed,1294,,1,1
Revista Literaria. Publicación Mensual,"Wyzewa, Teodor de",Directed,1295,,1,1
Trofeos,"Xanrof, León",Directed,1296,,1,1
El Repertorio. Revista Mensual Ilustrada,"Yepes, Joaquín E.",Directed,1297,,5,5
Revista Moderna. (Enciclopedia colombiana),"Yver, Colette",Directed,1298,,1,1
Lectura Amena,Z y Z.,Directed,1299,,1,1
La Gruta,"Zaavedra Zárate, César",Directed,1300,,2,2
Revista Moderna. (Enciclopedia colombiana),"Zamacois, Eduardo",Directed,1301,,1,1
Lectura Amena,"Zapata A., José J.",Directed,1302,,1,1
Revista Moderna. (Enciclopedia colombiana),"Zapata, Felipe",Directed,1303,,1,1
Lectura Amena,"Zola, Émile",Directed,1304,,1,1
Revista Literaria. Publicación Mensual,"Zola, Émile",Directed,1305,,1,1
El Montañés,"Zuleta Gaviria, Eduardo",Directed,1306,,1,1
El Repertorio. Revista Mensual Ilustrada,"Zuleta Gaviria, Eduardo",Directed,1307,,1,1
Lectura y Arte,"Zuleta Gaviria, Eduardo",Directed,1308,,1,1
Revista Literaria. Publicación Mensual,"Zuleta Gaviria, Eduardo",Directed,1309,,1,1
Revista Literaria. Publicación Mensual,"Zuleta, Juan A.",Directed,1310,,2,2
CULTURA,"Zuleta, Luis de",Directed,1311,,3,3
Revista Literaria. Publicación Mensual,"Álvarez Bonilla, Enrique",Directed,1312,,1,1
CULTURA,"Álvarez Lleras, Antonio",Directed,1313,,5,5
Lectura y Arte,"Álvarez Quintero, Joaquín",Directed,1314,,1,1
Lectura y Arte,"Álvarez Quintero, Serafín",Directed,1315,,1,1
